"Date","Log_Return_Pct"
2014-01-03,-0.0333020520160154
2014-01-06,-0.251492725375968
2014-01-07,0.606334537539155
2014-01-08,-0.0212231503451399
2014-01-09,0.0348248543514451
2014-01-10,0.230403049045513
2014-01-13,-1.26559664587944
2014-01-14,1.07598761199341
2014-01-15,0.515288913468304
2014-01-16,-0.134802848642579
2014-01-17,-0.390278032001579
2014-01-21,0.276991224281797
2014-01-22,0.0574700049767785
2014-01-23,-0.892932476457098
2014-01-24,-2.10964214273401
2014-01-27,-0.488822185333948
2014-01-28,0.612187562243172
2014-01-29,-1.02617039084958
2014-01-30,1.12040443722181
2014-01-31,-0.648629021424973
2014-02-03,-2.30966047044872
2014-02-04,0.761204368308199
2014-02-05,-0.203028240865688
2014-02-06,1.23630544533757
2014-02-07,1.32141935042966
2014-02-10,0.156800480325447
2014-02-11,1.10013759442547
2014-02-12,-0.0269298647721072
2014-02-13,0.579321197877647
2014-02-14,0.479768938554859
2014-02-18,0.115780339255878
2014-02-19,-0.654586177319594
2014-02-20,0.601334182693414
2014-02-21,-0.192056667318141
2014-02-24,0.616745555233145
2014-02-25,-0.134859067677429
2014-02-26,0.00216997421249587
2014-02-27,0.493588140841617
2014-02-28,0.277882428133758
2014-03-03,-0.74058662004548
2014-03-04,1.51523226761423
2014-03-05,-0.00533527496644481
2014-03-06,0.171693349685675
2014-03-07,0.0537944577115645
2014-03-10,-0.04633536412193
2014-03-11,-0.509509697521526
2014-03-12,0.0305124323209505
2014-03-13,-1.17700916958832
2014-03-14,-0.282576641744559
2014-03-17,0.956771769503906
2014-03-18,0.719368224547345
2014-03-19,-0.615052509673486
2014-03-20,0.602233408752184
2014-03-21,-0.293698011660926
2014-03-24,-0.487658095936272
2014-03-25,0.439427084882205
2014-03-26,-0.702493695487583
2014-03-27,-0.190189134397745
2014-03-28,0.462948924340978
2014-03-31,0.789287138479633
2014-04-01,0.701468804421346
2014-04-02,0.284926383183937
2014-04-03,-0.112708521301119
2014-04-04,-1.2616542925314
2014-04-07,-1.08083123321494
2014-04-08,0.37435379801769
2014-04-09,1.08590393419661
2014-04-10,-2.11059677373875
2014-04-11,-0.953205973989757
2014-04-14,0.818370815074054
2014-04-15,0.673457951770384
2014-04-16,1.04338679487661
2014-04-17,0.136292370709423
2014-04-21,0.376801565557194
2014-04-22,0.408378899612849
2014-04-23,-0.221576686252245
2014-04-24,0.171548827533119
2014-04-25,-0.812934474350158
2014-04-28,0.32308111625019
2014-04-29,0.474946050463387
2014-04-30,0.298754980270122
2014-05-01,-0.0143271744332374
2014-05-02,-0.134935502987155
2014-05-05,0.186946758234008
2014-05-06,-0.902903146199119
2014-05-07,0.560075487103351
2014-05-08,-0.137456923278645
2014-05-09,0.151832319487877
2014-05-12,0.962625617231616
2014-05-13,0.0421668788282759
2014-05-14,-0.471208956501723
2014-05-15,-0.940590418393494
2014-05-16,0.373996281900091
2014-05-19,0.383741418970374
2014-05-20,-0.651960460854273
2014-05-21,0.808334054774651
2014-05-22,0.235944419471412
2014-05-23,0.4239392917885
2014-05-27,0.596995021152846
2014-05-28,-0.111469275005849
2014-05-29,0.535275865736118
2014-05-30,0.184198044310158
2014-06-02,0.0727561364058715
2014-06-03,-0.0379288469535055
2014-06-04,0.188987660636286
2014-06-05,0.650408211966269
2014-06-06,0.461708354801971
2014-06-09,0.0938330856486758
2014-06-10,-0.0246013881879392
2014-06-11,-0.354331115166673
2014-06-12,-0.711413908890979
2014-06-13,0.312965919907082
2014-06-16,0.0836355330786631
2014-06-17,0.21702124448888
2014-06-18,0.768924316072983
2014-06-19,0.12766632951644
2014-06-20,0.172856349567674
2014-06-23,-0.0132472852898857
2014-06-24,-0.645610649861794
2014-06-25,0.488555742271757
2014-06-26,-0.117957942763969
2014-06-27,0.190904523808388
2014-06-30,-0.0372325997001433
2014-07-01,0.665557289682273
2014-07-02,0.0658596075123086
2014-07-03,0.546455022767223
2014-07-07,-0.393123905432358
2014-07-08,-0.707376218168054
2014-07-09,0.463351655325894
2014-07-10,-0.413962832447368
2014-07-11,0.146984199804745
2014-07-14,0.48318607269966
2014-07-15,-0.19339645679457
2014-07-16,0.419228500944868
2014-07-17,-1.19046059274774
2014-07-18,1.02126088996712
2014-07-21,-0.232294642390496
2014-07-22,0.500361116730019
2014-07-23,0.175290077701273
2014-07-24,0.0488036812551051
2014-07-25,-0.486094604610976
2014-07-28,0.0288113393553502
2014-07-29,-0.453806841371396
2014-07-30,0.00609109194096291
2014-07-31,-2.02019321552296
2014-08-01,-0.286321623129826
2014-08-04,0.716331444964613
2014-08-05,-0.973267919733622
2014-08-06,0.00156384263600984
2014-08-07,-0.557211544673297
2014-08-08,1.1465422557972
2014-08-11,0.275562502584137
2014-08-12,-0.163798237415591
2014-08-13,0.66847671025112
2014-08-14,0.433639827369792
2014-08-15,-0.00613748075712905
2014-08-18,0.849548321965976
2014-08-19,0.498819017919772
2014-08-20,0.247474828254379
2014-08-21,0.294554728027041
2014-08-22,-0.19945749188226
2014-08-25,0.477635386360387
2014-08-26,0.105052889524337
2014-08-27,0.00499860432849886
2014-08-28,-0.169133054494619
2014-08-29,0.331491432902009
2014-09-02,-0.0544214217702788
2014-09-03,-0.0779444752801339
2014-09-04,-0.153559920471302
2014-09-05,0.502324770495921
2014-09-08,-0.307784585431659
2014-09-09,-0.656652153268489
2014-09-10,0.363944360036772
2014-09-11,0.0881516764723145
2014-09-12,-0.598040549200629
2014-09-15,-0.0710403748109378
2014-09-16,0.745650732455605
2014-09-17,0.129480507908841
2014-09-18,0.487925712733972
2014-09-19,-0.0477383510403051
2014-09-22,-0.804560253021869
2014-09-23,-0.579325007962606
2014-09-24,0.780197675865413
2014-09-25,-1.63009132651704
2014-09-26,0.853926112400138
2014-09-29,-0.25500508569154
2014-09-30,-0.27898165443121
2014-10-01,-1.33371061126377
2014-10-02,0.000514332825041208
2014-10-03,1.11036355239031
2014-10-06,-0.156638600139836
2014-10-07,-1.52416186191289
2014-10-08,1.73109474980588
2014-10-09,-2.08778484543144
2014-10-10,-1.1517080026211
2014-10-13,-1.66050332025227
2014-10-14,0.157761968086678
2014-10-15,-0.813330072607776
2014-10-16,0.0144967200442103
2014-10-17,1.28018133771466
2014-10-20,0.910111612128084
2014-10-21,1.93853708277514
2014-10-22,-0.732610066161232
2014-10-23,1.22283057215995
2014-10-24,0.702869017571661
2014-10-27,-0.150269687883853
2014-10-28,1.18683645669106
2014-10-29,-0.138631599064265
2014-10-30,0.621079724787332
2014-10-31,1.16631142331487
2014-11-03,-0.0118928916399419
2014-11-04,-0.283385325266572
2014-11-05,0.568431106080514
2014-11-06,0.376840364432773
2014-11-07,0.0349525126781103
2014-11-10,0.311532701955919
2014-11-11,0.069645163028742
2014-11-12,-0.0701362578918285
2014-11-13,0.0529704428400279
2014-11-14,0.0240241348547166
2014-11-17,0.0735088777657822
2014-11-18,0.512084935368851
2014-11-19,-0.150228687561871
2014-11-20,0.196516401320324
2014-11-21,0.522321260373815
2014-11-24,0.285992981373884
2014-11-25,-0.115069146841673
2014-11-26,0.280205247160303
2014-11-28,-0.254566463701256
2014-12-01,-0.685278934483424
2014-12-02,0.63641667588481
2014-12-03,0.375767383402703
2014-12-04,-0.116257173178536
2014-12-05,0.166383159892103
2014-12-08,-0.72830221497151
2014-12-09,-0.0237851825834134
2014-12-10,-1.64861211830489
2014-12-11,0.452543397162053
2014-12-12,-1.63464657916581
2014-12-15,-0.636278627172171
2014-12-16,-0.852525986538133
2014-12-17,2.01480732432957
2014-12-18,2.37313748857089
2014-12-19,0.455963796741887
2014-12-22,0.380322247992737
2014-12-23,0.174483862970476
2014-12-24,-0.0139306241075055
2014-12-26,0.330410998212116
2014-12-29,0.0861403428089602
2014-12-30,-0.49005930345043
2014-12-31,-1.03643835612504
2015-01-02,-0.0340021473135721
2015-01-05,-1.84472135325873
2015-01-06,-0.89332546906995
2015-01-07,1.15627358448762
2015-01-08,1.77301681271551
2015-01-09,-0.843932214707888
2015-01-12,-0.812661684347038
2015-01-13,-0.258188543581639
2015-01-14,-0.583002896797513
2015-01-15,-0.929090300456803
2015-01-16,1.33348931862676
2015-01-20,0.154875243340058
2015-01-21,0.472046502218948
2015-01-22,1.51543130706298
2015-01-23,-0.550665627930158
2015-01-26,0.256516799862272
2015-01-27,-1.34782878158575
2015-01-28,-1.35875028110215
2015-01-29,0.948951705826317
2015-01-30,-1.30770990063187
2015-02-02,1.28791700002155
2015-02-03,1.4336238577453
2015-02-04,-0.416470657245238
2015-02-05,1.02388107109093
2015-02-06,-0.342402761187888
2015-02-09,-0.425623931048147
2015-02-10,1.06189795540619
2015-02-11,-0.00290340101578579
2015-02-12,0.959829506591614
2015-02-13,0.406645922777926
2015-02-17,0.159629969779829
2015-02-18,-0.0314358623229261
2015-02-19,-0.106262171571814
2015-02-20,0.610784272105569
2015-02-23,-0.0303385211985585
2015-02-24,0.275497246883116
2015-02-25,-0.0766016963602567
2015-02-26,-0.147711863025446
2015-02-27,-0.296068304863173
2015-03-02,0.610623818113254
2015-03-03,-0.454887260381742
2015-03-04,-0.439816123015468
2015-03-05,0.119536525103658
2015-03-06,-1.42753563624671
2015-03-09,0.393666235797596
2015-03-10,-1.71068209371414
2015-03-11,-0.191952067648504
2015-03-12,1.2522702206037
2015-03-13,-0.609323709019627
2015-03-16,1.34429090238557
2015-03-17,-0.332569770778246
2015-03-18,1.20851015016292
2015-03-19,-0.488448912695016
2015-03-20,0.897238219325924
2015-03-23,-0.17472566067136
2015-03-24,-0.615834570159102
2015-03-25,-1.46659265272389
2015-03-26,-0.238033073747346
2015-03-27,0.236576072950356
2015-03-30,1.21623826471495
2015-03-31,-0.883468621753103
2015-04-01,-0.397325420184735
2015-04-02,0.352345230371398
2015-04-06,0.658707264716529
2015-04-07,-0.206403270858679
2015-04-08,0.267894155734716
2015-04-09,0.444757587362599
2015-04-10,0.51893768994562
2015-04-13,-0.459180682096161
2015-04-14,0.162843225851361
2015-04-15,0.51349890449961
2015-04-16,-0.0778746757985616
2015-04-17,-1.1375704189053
2015-04-20,0.91927485865364
2015-04-21,-0.14817025047682
2015-04-22,0.507458285338647
2015-04-23,0.235494084255272
2015-04-24,0.225026682475349
2015-04-27,-0.414991324073455
2015-04-28,0.276540443734596
2015-04-29,-0.374734812757271
2015-04-30,-1.01805530332486
2015-05-01,1.08637765634558
2015-05-04,0.293643314776304
2015-05-05,-1.19080033585304
2015-05-06,-0.446568114093182
2015-05-07,0.376671046947497
2015-05-08,1.33681479873617
2015-05-11,-0.510255645608204
2015-05-12,-0.295399643936722
2015-05-13,-0.0305001290652029
2015-05-14,1.07216042617599
2015-05-15,0.0768118827866537
2015-05-18,0.304331247257039
2015-05-19,-0.0643581597842058
2015-05-20,-0.0930949450793861
2015-05-21,0.233514590874506
2015-05-22,-0.223638514948377
2015-05-26,-1.03352049075021
2015-05-27,0.912091892910993
2015-05-28,-0.126756391748728
2015-05-29,-0.633851518409756
2015-06-01,0.20573434991471
2015-06-02,-0.100910516534736
2015-06-03,0.211662946975544
2015-06-04,-0.866056221510103
2015-06-05,-0.143721523273221
2015-06-08,-0.649556033830567
2015-06-09,0.0418265519003036
2015-06-10,1.19704917525141
2015-06-11,0.173711675652832
2015-06-12,-0.701887465310236
2015-06-15,-0.463328962177201
2015-06-16,0.567373051575437
2015-06-17,0.197768439507229
2015-06-18,0.985400005400905
2015-06-19,-0.531761523794927
2015-06-22,0.607636798154232
2015-06-23,0.0635666425193193
2015-06-24,-0.73804657183052
2015-06-25,-0.297800415659655
2015-06-26,-0.0390155744922183
2015-06-29,-2.10869695086116
2015-06-30,0.265496235246765
2015-07-01,0.691209643463697
2015-07-02,-0.0308070189547038
2015-07-06,-0.386923269889738
2015-07-07,0.606256059386912
2015-07-08,-1.67929649121419
2015-07-09,0.225964764482001
2015-07-10,1.22629863850081
2015-07-13,1.10052685073549
2015-07-14,0.444327323650029
2015-07-15,-0.0735256300736786
2015-07-16,0.798273344447509
2015-07-17,0.11055716244508
2015-07-20,0.0770936624001628
2015-07-21,-0.427079624272331
2015-07-22,-0.239056502018986
2015-07-23,-0.569221021137967
2015-07-24,-1.07610206966609
2015-07-27,-0.579175506506413
2015-07-28,1.23100738018893
2015-07-29,0.729214292738334
2015-07-30,0.00283669040221923
2015-07-31,-0.22741038010512
2015-08-03,-0.276069394490541
2015-08-04,-0.225223916693285
2015-08-05,0.310983818549104
2015-08-06,-0.77831959225616
2015-08-07,-0.287902285633823
2015-08-10,1.27268356320256
2015-08-11,-0.960306468018235
2015-08-12,0.0949603638214391
2015-08-13,-0.127602586838105
2015-08-14,0.390433227435949
2015-08-17,0.519789170940221
2015-08-18,-0.262898293563296
2015-08-19,-0.828913640959694
2015-08-20,-2.13259604541465
2015-08-21,-3.23692425218782
2015-08-24,-4.02114443465189
2015-08-25,-1.36142497426563
2015-08-26,3.82912994345324
2015-08-27,2.40072544896899
2015-08-28,0.0608551156876302
2015-08-31,-0.842707866398396
2015-09-01,-3.00226498424285
2015-09-02,1.81276714232146
2015-09-03,0.11641156994191
2015-09-04,-1.54483087542765
2015-09-08,2.47736371970388
2015-09-09,-1.3995035769085
2015-09-10,0.526407544493601
2015-09-11,0.447700644498639
2015-09-14,-0.409804122304447
2015-09-15,1.2749687631433
2015-09-16,0.866774071537613
2015-09-17,-0.256434444256026
2015-09-18,-1.62962309543841
2015-09-21,0.455539203367294
2015-09-22,-1.23949300193784
2015-09-23,-0.205074422959317
2015-09-24,-0.336865187130719
2015-09-25,-0.0465901801220525
2015-09-28,-2.6001211162809
2015-09-29,0.123209391298218
2015-09-30,1.88958986035646
2015-10-01,0.197193867833789
2015-10-02,1.42137930164052
2015-10-05,1.81245935185022
2015-10-06,-0.35946893441432
2015-10-07,0.800351985755299
2015-10-08,0.877978014455838
2015-10-09,0.0724848560515134
2015-10-12,0.127466447733315
2015-10-13,-0.68488236901274
2015-10-14,-0.472743091193895
2015-10-15,1.4743551351355
2015-10-16,0.456006137369691
2015-10-19,0.027050894387326
2015-10-20,-0.142210105589413
2015-10-21,-0.58424489111335
2015-10-22,1.64908470125935
2015-10-23,1.09699539690427
2015-10-26,-0.191493300109968
2015-10-27,-0.25573858650878
2015-10-28,1.17704884881435
2015-10-29,-0.0449875380660991
2015-10-30,-0.482148168842489
2015-11-02,1.18038763388144
2015-11-03,0.272435292506756
2015-11-04,-0.355166693964737
2015-11-05,-0.113278975649855
2015-11-06,-0.0347681780023201
2015-11-09,-0.987129065650283
2015-11-10,0.150945515344958
2015-11-11,-0.32333073215689
2015-11-12,-1.40891633366325
2015-11-13,-1.1270640432155
2015-11-16,1.47933027942342
2015-11-17,-0.134027701824646
2015-11-18,1.60332298771717
2015-11-19,-0.112374032897922
2015-11-20,0.380295528014951
2015-11-23,-0.123562384168441
2015-11-24,0.122124994496087
2015-11-25,-0.0129140614967049
2015-11-27,0.0593441559480823
2015-11-30,-0.465180013961852
2015-12-01,1.06239389467397
2015-12-02,-1.10565926394495
2015-12-03,-1.44778264441499
2015-12-04,2.03178563638513
2015-12-07,-0.701404396039784
2015-12-08,-0.651105262559426
2015-12-09,-0.776908636569296
2015-12-10,0.224885657859453
2015-12-11,-1.96138677558153
2015-12-14,0.474428806406824
2015-12-15,1.05625801059146
2015-12-16,1.44106356507709
2015-12-17,-1.51547766358764
2015-12-18,-1.79574950071064
2015-12-21,0.774830672715598
2015-12-22,0.877809559156884
2015-12-23,1.23415965275537
2015-12-24,-0.159991540386262
2015-12-28,-0.218093645630635
2015-12-29,1.05736641730232
2015-12-30,-0.724339878377833
2015-12-31,-0.945648504146845
2016-01-04,-1.54220417978062
2016-01-05,0.201020413935993
2016-01-06,-1.32021630026253
2016-01-07,-2.39858165193452
2016-01-08,-1.08975374458478
2016-01-11,0.085290829582263
2016-01-12,0.777251411777424
2016-01-13,-2.5282375077909
2016-01-14,1.65580609343845
2016-01-15,-2.18357726981626
2016-01-19,0.0531680187428663
2016-01-20,-1.17627660258988
2016-01-21,0.518198863594854
2016-01-22,2.00807268822132
2016-01-25,-1.5761545172821
2016-01-26,1.40452378303682
2016-01-27,-1.09229223005283
2016-01-28,0.551335071759063
2016-01-29,2.4458650994557
2016-02-01,-0.0443334845542154
2016-02-02,-1.89209687182315
2016-02-03,0.497962002157415
2016-02-04,0.152556829252326
2016-02-05,-1.86541582763518
2016-02-08,-1.42550579230569
2016-02-09,-0.0663840646760505
2016-02-10,-0.0188968130760969
2016-02-11,-1.23774473292562
2016-02-12,1.93300152070464
2016-02-16,1.63817377416846
2016-02-17,1.63461106256415
2016-02-18,-0.467663212393443
2016-02-19,-0.00260332818022846
2016-02-22,1.43507310990767
2016-02-23,-1.25325775707887
2016-02-24,0.442996003463225
2016-02-25,1.12843667304503
2016-02-26,-0.187186532956485
2016-02-29,-0.815413109157159
2016-03-01,2.35883854016192
2016-03-02,0.408594986110167
2016-03-03,0.349263432031677
2016-03-04,0.33004398659422
2016-03-07,0.0884622800863433
2016-03-08,-1.13037560560061
2016-03-09,0.503967278281436
2016-03-10,0.0155792797122523
2016-03-11,1.62625455888508
2016-03-14,-0.126176861661165
2016-03-15,-0.183863093431746
2016-03-16,0.558472788177955
2016-03-17,0.657358306859646
2016-03-18,0.439596725102565
2016-03-21,0.0985091904293078
2016-03-22,-0.0877772896772377
2016-03-23,-0.640650953066757
2016-03-24,-0.0378141779376229
2016-03-28,0.0545106888072411
2016-03-29,0.877801205423712
2016-03-30,0.434087999356603
2016-03-31,-0.204184235962046
2016-04-01,0.631095906659951
2016-04-04,-0.321348004585431
2016-04-05,-1.01962984117945
2016-04-06,1.04527979320128
2016-04-07,-1.20480739700053
2016-04-08,0.278270260461699
2016-04-11,-0.274354588960435
2016-04-12,0.961575388139035
2016-04-13,0.999006976855732
2016-04-14,0.0172912430132399
2016-04-15,-0.0984769576145794
2016-04-18,0.651972561379832
2016-04-19,0.307973790286642
2016-04-20,0.0761255049234855
2016-04-21,-0.520756285729274
2016-04-22,0.0047858579541149
2016-04-25,-0.181368962076256
2016-04-26,0.187100017423614
2016-04-27,0.164799411174688
2016-04-28,-0.927363606156106
2016-04-29,-0.507594923055787
2016-05-02,0.777960669724465
2016-05-03,-0.871449938839586
2016-05-04,-0.595458270547322
2016-05-05,-0.0239036692793348
2016-05-06,0.316961055355236
2016-05-09,0.0753213307609357
2016-05-10,1.24063652360373
2016-05-11,-0.960752287786804
2016-05-12,-0.0169479267964512
2016-05-13,-0.851443416175268
2016-05-16,0.974897638961281
2016-05-17,-0.94558635521631
2016-05-18,0.0205157686401947
2016-05-19,-0.371359452272113
2016-05-20,0.600145922280504
2016-05-23,-0.208763656810174
2016-05-24,1.35886375339895
2016-05-25,0.695052965158371
2016-05-26,-0.0210466049928471
2016-05-27,0.427769493943941
2016-05-31,-0.100576862058954
2016-06-01,0.113439865392628
2016-06-02,0.28206961669861
2016-06-03,-0.291606223669483
2016-06-06,0.488532851936352
2016-06-07,0.128861562919713
2016-06-08,0.33041019719553
2016-06-09,-0.171923559789366
2016-06-10,-0.921753241016621
2016-06-13,-0.814829878970968
2016-06-14,-0.180050507197205
2016-06-15,-0.184240906381028
2016-06-16,0.312809311104623
2016-06-17,-0.326328414460964
2016-06-20,0.57913827784235
2016-06-21,0.270839060420958
2016-06-22,-0.165292899657565
2016-06-23,1.32755670719549
2016-06-24,-3.65807928055828
2016-06-27,-1.82622465117026
2016-06-28,1.76141216040877
2016-06-29,1.68892429712546
2016-06-30,1.3473863149466
2016-07-01,0.19467062930314
2016-07-05,-0.687102898559822
2016-07-06,0.533868705827611
2016-07-07,-0.0871957886733554
2016-07-08,1.51381865659923
2016-07-11,0.340281931199904
2016-07-12,0.698484230734486
2016-07-13,0.0134758674982471
2016-07-14,0.524542280169626
2016-07-15,-0.0929379059870783
2016-07-18,0.23794618218691
2016-07-19,-0.143620450041571
2016-07-20,0.426120831576426
2016-07-21,-0.361906985652549
2016-07-22,0.454362678951004
2016-07-25,-0.301601873992929
2016-07-26,0.0322732160719319
2016-07-27,-0.119926094680878
2016-07-28,0.160492044809235
2016-07-29,0.162998011765758
2016-08-01,-0.127059414749109
2016-08-02,-0.638194081266708
2016-08-03,0.312904271607106
2016-08-04,0.0212549299488884
2016-08-05,0.856669728938009
2016-08-08,-0.090757729154145
2016-08-09,0.0389717986555738
2016-08-10,-0.286879706348842
2016-08-11,0.472341510244423
2016-08-12,-0.0796363386914578
2016-08-15,0.278901629452211
2016-08-16,-0.549414221647826
2016-08-17,0.18668460061555
2016-08-18,0.219720169638293
2016-08-19,-0.144130956876865
2016-08-22,-0.0563481883323114
2016-08-23,0.194986717836176
2016-08-24,-0.525405525967138
2016-08-25,-0.136616039664617
2016-08-26,-0.158006423871271
2016-08-29,0.521442842867437
2016-08-30,-0.195559140712298
2016-08-31,-0.237869110556232
2016-09-01,-0.00413853894114524
2016-09-02,0.419224159903475
2016-09-06,0.297724237000452
2016-09-07,-0.0146395938292798
2016-09-08,-0.222548819247059
2016-09-09,-2.48277424108361
2016-09-12,1.45703872334346
2016-09-13,-1.49417482782113
2016-09-14,-0.0587849399813045
2016-09-15,1.00585164494404
2016-09-16,-0.377942779557205
2016-09-19,-0.00186032338254094
2016-09-20,0.0299093484234625
2016-09-21,1.0858000333636
2016-09-22,0.647875191764147
2016-09-23,-0.575329295971816
2016-09-26,-0.862485011791669
2016-09-27,0.642349516529794
2016-09-28,0.528257660364329
2016-09-29,-0.936512773008147
2016-09-30,0.793639258802781
2016-10-03,-0.32660231815278
2016-10-04,-0.496788178636187
2016-10-05,0.428748623119724
2016-10-06,0.048144385260418
2016-10-07,-0.32587874416139
2016-10-10,0.459533031732473
2016-10-11,-1.25245776977563
2016-10-12,0.114593220639847
2016-10-13,-0.310407641223343
2016-10-14,0.0201584159120749
2016-10-17,-0.30426181118397
2016-10-18,0.614150560569815
2016-10-19,0.218957215535021
2016-10-20,-0.137667113138029
2016-10-21,-0.00841451401552007
2016-10-24,0.473859464742787
2016-10-25,-0.380495746470633
2016-10-26,-0.174192792118788
2016-10-27,-0.299119590600849
2016-10-28,-0.311314013962516
2016-10-31,-0.0122283884198104
2016-11-01,-0.681001910873569
2016-11-02,-0.654688445345375
2016-11-03,-0.443321302260902
2016-11-04,-0.166752027169359
2016-11-07,2.19801997294651
2016-11-08,0.3764878397158
2016-11-09,1.10161198796561
2016-11-10,0.194884571609499
2016-11-11,-0.139892834779776
2016-11-14,-0.0115509457183194
2016-11-15,0.745295502208965
2016-11-16,-0.158351652237609
2016-11-17,0.466546936119805
2016-11-18,-0.238965136554903
2016-11-21,0.743370207087413
2016-11-22,0.216309110359347
2016-11-23,0.0807698156908288
2016-11-25,0.390674561342408
2016-11-28,-0.526838925473516
2016-11-29,0.133440235326177
2016-11-30,-0.265693055515648
2016-12-01,-0.35217229667639
2016-12-02,0.0396927720085039
2016-12-05,0.580442692674321
2016-12-06,0.340508446887444
2016-12-07,1.30773587447237
2016-12-08,0.215701501687082
2016-12-09,0.59214185329699
2016-12-12,-0.113808229059931
2016-12-13,0.651848320123705
2016-12-14,-0.815029546185908
2016-12-15,0.387570768755374
2016-12-16,-0.175215675097995
2016-12-19,0.197317271521147
2016-12-20,0.363091240115221
2016-12-21,-0.246038572467722
2016-12-22,-0.186471122239684
2016-12-23,0.125093253507913
2016-12-27,0.224584890454871
2016-12-28,-0.839164070977105
2016-12-29,-0.0293347731868288
2016-12-30,-0.464783469685504
2017-01-03,0.84507667531577
2017-01-04,0.570596377054944
2017-01-05,-0.0770967602481853
2017-01-06,0.35107891805799
2017-01-09,-0.355490547156023
2017-01-10,0
2017-01-11,0.282564238910243
2017-01-12,-0.214711239372978
2017-01-13,0.184813139514617
2017-01-17,-0.297191445621792
2017-01-18,0.176220046980902
2017-01-19,-0.361583762431916
2017-01-20,0.336058406130046
2017-01-23,-0.269374964607039
2017-01-24,0.654314052896243
2017-01-25,0.799405279596854
2017-01-26,-0.0735654935263064
2017-01-27,-0.0866839489741089
2017-01-30,-0.602767349609667
2017-01-31,-0.0890301608032829
2017-02-01,0.0298318988116719
2017-02-02,0.0570146838690277
2017-02-03,0.723849685455402
2017-02-06,-0.211759751370888
2017-02-07,0.0226803463845293
2017-02-08,0.0693082148609747
2017-02-09,0.573606373596025
2017-02-10,0.355970682200901
2017-02-13,0.523213358401176
2017-02-14,0.399932719567264
2017-02-15,0.49798886657344
2017-02-16,-0.0864491601550554
2017-02-17,0.167714932723761
2017-02-21,0.602985002006928
2017-02-22,-0.10827861468039
2017-02-23,0.0418898971259019
2017-02-24,0.149225023203137
2017-02-27,0.101746526773372
2017-02-28,-0.258170611519493
2017-03-01,1.3581211083725
2017-03-02,-0.58771169721048
2017-03-03,0.0503750368534561
2017-03-06,-0.328262276356561
2017-03-07,-0.291762590208933
2017-03-08,-0.228682796406421
2017-03-09,0.0799575612766112
2017-03-10,0.326333970585857
2017-03-13,0.0366565619169812
2017-03-14,-0.338474898089114
2017-03-15,0.833987912468626
2017-03-16,-0.162803479918328
2017-03-17,-0.131517926423186
2017-03-20,-0.201191608037998
2017-03-21,-1.24855945901023
2017-03-22,0.18881028474631
2017-03-23,-0.106083214483021
2017-03-24,-0.0844352213938748
2017-03-27,-0.102010758584559
2017-03-28,0.722530882962413
2017-03-29,0.108473620382998
2017-03-30,0.2930810911705
2017-03-31,-0.225759393826674
2017-04-03,-0.164347530801301
2017-04-04,0.0559366074661227
2017-04-05,-0.305953681152271
2017-04-06,0.192765029373554
2017-04-07,-0.0827472462945344
2017-04-10,0.0687450135783862
2017-04-11,-0.143490829195869
2017-04-12,-0.376703741898687
2017-04-13,-0.683802028980462
2017-04-17,0.857646569110759
2017-04-18,-0.290760284583325
2017-04-19,-0.171782539686838
2017-04-20,0.752885036297357
2017-04-21,-0.303968810711552
2017-04-24,1.0781736588112
2017-04-25,0.607221421175108
2017-04-26,-0.0485821475686876
2017-04-27,0.0552767000298715
2017-04-28,-0.191497947148989
2017-05-01,0.173079182689406
2017-05-02,0.118834358581132
2017-05-03,-0.127216939582731
2017-05-04,0.0581933287869596
2017-05-05,0.408035940747808
2017-05-08,0.00374452719080764
2017-05-09,-0.10257745567932
2017-05-10,0.112996271744947
2017-05-11,-0.216515137410678
2017-05-12,-0.14795353407937
2017-05-15,0.476514230301461
2017-05-16,-0.0687133036985976
2017-05-17,-1.83454681711153
2017-05-18,0.368003862721622
2017-05-19,0.674470320820042
2017-05-22,0.514686329600877
2017-05-23,0.183618517238049
2017-05-24,0.248603380457624
2017-05-25,0.443211204197791
2017-05-26,0.0310501785302897
2017-05-30,-0.120535072953398
2017-05-31,-0.0460074619951456
2017-06-01,0.754259558484716
2017-06-02,0.370087461804669
2017-06-05,-0.121840714042865
2017-06-06,-0.278290866620434
2017-06-07,0.156702879634718
2017-06-08,0.0267169035664594
2017-06-09,-0.0830333866186805
2017-06-12,-0.0979242479718145
2017-06-13,0.450135884323011
2017-06-14,-0.0996326965317706
2017-06-15,-0.224210979683992
2017-06-16,0.0283599150058933
2017-06-19,0.831258320689443
2017-06-20,-0.671916044693166
2017-06-21,-0.0582814193271552
2017-06-22,-0.0455885972438175
2017-06-23,0.15596985554085
2017-06-26,0.0315751939733211
2017-06-27,-0.810558657567295
2017-06-28,0.876950164655099
2017-06-29,-0.863721684414198
2017-06-30,0.153205761087438
2017-07-03,0.230816797914724
2017-07-05,0.145222403628864
2017-07-06,-0.941298730686579
2017-07-07,0.63827125696152
2017-07-10,0.0927336103512921
2017-07-11,-0.0782987066082264
2017-07-12,0.727905094782155
2017-07-13,0.187282947347267
2017-07-14,0.466261617000985
2017-07-17,-0.00529142367069468
2017-07-18,0.0597678698111004
2017-07-19,0.535825821605318
2017-07-20,-0.0153671088606977
2017-07-21,-0.0367939329208866
2017-07-24,-0.106430099540855
2017-07-25,0.291890751989765
2017-07-26,0.0282624006120002
2017-07-27,-0.0973161637394249
2017-07-28,-0.134201567811587
2017-07-31,-0.0728410834559767
2017-08-01,0.244612077493844
2017-08-02,0.0492527407347509
2017-08-03,-0.21860418349462
2017-08-04,0.188732141753967
2017-08-07,0.164584464428064
2017-08-08,-0.241735223038564
2017-08-09,-0.0363674792712487
2017-08-10,-1.45802184007415
2017-08-11,0.127475712798741
2017-08-14,0.999365124604967
2017-08-15,-0.0498932326883583
2017-08-16,0.141909552333264
2017-08-17,-1.55573424871918
2017-08-18,-0.18370536613519
2017-08-21,0.116197571456578
2017-08-22,0.989169526062561
2017-08-23,-0.34595701326392
2017-08-24,-0.207661674713844
2017-08-25,0.167147166893766
2017-08-28,0.0486953473296303
2017-08-29,0.0842466762009941
2017-08-30,0.460453178806031
2017-08-31,0.570467358471394
2017-09-01,0.198057804233542
2017-09-05,-0.757945855214537
2017-09-06,0.312384249314412
2017-09-07,-0.0178452044853117
2017-09-08,-0.148996014345837
2017-09-11,1.07809751971475
2017-09-12,0.33583025948829
2017-09-13,0.0756834248083038
2017-09-14,-0.110132385082817
2017-09-15,0.184547754615938
2017-09-18,0.14548619291288
2017-09-19,0.110957961673197
2017-09-20,0.0634146702309657
2017-09-21,-0.305056594691511
2017-09-22,0.0647583995166734
2017-09-25,-0.222452269985407
2017-09-26,0.00721641258953909
2017-09-27,0.407682240198781
2017-09-28,0.1203890628938
2017-09-29,0.369826306849852
2017-10-02,0.386651882971289
2017-10-03,0.21565111846602
2017-10-04,0.124594366111364
2017-10-05,0.56309040312934
2017-10-06,-0.107421116523998
2017-10-09,-0.180606386801418
2017-10-10,0.231971963047872
2017-10-11,0.18018829296631
2017-10-12,-0.168817712035096
2017-10-13,0.0877722004846149
2017-10-16,0.174922253230569
2017-10-17,0.0672352905433549
2017-10-18,0.0742059511329884
2017-10-19,0.0327944115010581
2017-10-20,0.510379618502999
2017-10-23,-0.398039531299688
2017-10-24,0.161660087455839
2017-10-25,-0.467395568726037
2017-10-26,0.127013925060204
2017-10-27,0.804060997972744
2017-10-30,-0.31975773767412
2017-10-31,0.0944012936679783
2017-11-01,0.159084410790378
2017-11-02,0.0189947769666965
2017-11-03,0.309228932631456
2017-11-06,0.127044388477593
2017-11-07,-0.0189120805082155
2017-11-08,0.144261393206069
2017-11-09,-0.376898133936976
2017-11-10,-0.0898046976053557
2017-11-13,0.0983150911292974
2017-11-14,-0.231228056028243
2017-11-15,-0.554099874212355
2017-11-16,0.816265278297212
2017-11-17,-0.26294169788974
2017-11-20,0.127486988879078
2017-11-21,0.651983887975227
2017-11-22,-0.0750542703329415
2017-11-24,0.205398427823233
2017-11-27,-0.0384331586803732
2017-11-28,0.980033219679388
2017-11-29,-0.0369293882791055
2017-11-30,0.815758666281141
2017-12-01,-0.202658293580527
2017-12-04,-0.105271054928657
2017-12-05,-0.374639052595516
2017-12-06,-0.0114112170530589
2017-12-07,0.292806701010928
2017-12-08,0.549120203551823
2017-12-11,0.319684212169591
2017-12-12,0.154772372208978
2017-12-13,-0.0473068970150869
2017-12-14,-0.407916773076256
2017-12-15,0.893431341014317
2017-12-18,0.534847857959697
2017-12-19,-0.323549804311796
2017-12-20,-0.0828236073572519
2017-12-21,0.198368701265839
2017-12-22,-0.045827163811385
2017-12-26,-0.105897570005897
2017-12-27,0.0790628310242347
2017-12-28,0.183231900291947
2017-12-29,-0.519663229274769
2018-01-02,0.82690782183974
2018-01-03,0.63784332439365
2018-01-04,0.40205428553266
2018-01-05,0.70091458885857
2018-01-08,0.16609637672973
2018-01-09,0.130208351729788
2018-01-10,-0.111284581152038
2018-01-11,0.700902576888129
2018-01-12,0.672692639909478
2018-01-16,-0.353071326160315
2018-01-17,0.937100620650266
2018-01-18,-0.161769749747354
2018-01-19,0.437564798698986
2018-01-22,0.803436438221361
2018-01-23,0.217200496822212
2018-01-24,-0.0560132547231973
2018-01-25,0.0602439398832644
2018-01-26,1.17716381060839
2018-01-29,-0.675473628486234
2018-01-30,-1.09586428053374
2018-01-31,0.0488865858694787
2018-02-01,-0.0648298352023069
2018-02-02,-2.14366805166994
2018-02-05,-4.18425409383811
2018-02-06,1.72905733489372
2018-02-07,-0.501413822375252
2018-02-08,-3.82590522458015
2018-02-09,1.48256451995241
2018-02-12,1.3818665678186
2018-02-13,0.260952198027731
2018-02-14,1.3313439808897
2018-02-15,1.19968617767761
2018-02-16,0.0373399649920891
2018-02-20,-0.585851710683727
2018-02-21,-0.551166448331042
2018-02-22,0.0973077485578067
2018-02-23,1.59012782451207
2018-02-26,1.16884386206273
2018-02-27,-1.27883114414669
2018-02-28,-1.11578060836566
2018-03-01,-1.3413965854876
2018-03-02,0.505878548519867
2018-03-05,1.09716176105259
2018-03-06,0.263538293199694
2018-03-07,-0.0483991825716679
2018-03-08,0.445314820888498
2018-03-09,1.72295467412074
2018-03-12,-0.127479733799785
2018-03-13,-0.638391041431507
2018-03-14,-0.574096982518846
2018-03-15,-0.0782236399096803
2018-03-16,0.170199794723214
2018-03-19,-1.43060405413742
2018-03-20,0.148070866171945
2018-03-21,-0.184569212562913
2018-03-22,-2.54848869728548
2018-03-23,-2.11898073117505
2018-03-26,2.67950407060349
2018-03-27,-1.74272856453213
2018-03-28,-0.292091889946278
2018-03-29,1.36757774938436
2018-04-02,-2.25906823434965
2018-04-03,1.25359613157414
2018-04-04,1.15001023464467
2018-04-05,0.683942140165161
2018-04-06,-2.21640670570658
2018-04-09,0.33309949675937
2018-04-10,1.65885989963135
2018-04-11,-0.554068577246092
2018-04-12,0.821689869765674
2018-04-13,-0.289079982670692
2018-04-16,0.80763368015635
2018-04-17,1.06050716138668
2018-04-18,0.0831020407552785
2018-04-19,-0.574258179583254
2018-04-20,-0.857317718835215
2018-04-23,0.00562301111841634
2018-04-24,-1.34708880064753
2018-04-25,0.183537423282409
2018-04-26,1.03801441873763
2018-04-27,0.111300527136393
2018-04-30,-0.822119254892062
2018-05-01,0.254580217102696
2018-05-02,-0.723195120140208
2018-05-03,-0.225621758506378
2018-05-04,1.27298100283344
2018-05-07,0.345198055499019
2018-05-08,-0.026567661173349
2018-05-09,0.963564793486871
2018-05-10,0.932701160384841
2018-05-11,0.170613927096142
2018-05-14,0.0883099510126328
2018-05-15,-0.686565504399095
2018-05-16,0.40523398475143
2018-05-17,-0.0856238788609964
2018-05-18,-0.263566525455072
2018-05-21,0.735960454793361
2018-05-22,-0.314068859287531
2018-05-23,0.324314520689928
2018-05-24,-0.202526295772287
2018-05-25,-0.236000305418571
2018-05-29,-1.16315725117921
2018-05-30,1.26158753519237
2018-05-31,-0.690333324343406
2018-06-01,1.07907997092394
2018-06-04,0.446959489835219
2018-06-05,0.0702346269576104
2018-06-06,0.853090063731177
2018-06-07,-0.0714443621984806
2018-06-08,0.31210289077519
2018-06-11,0.106813700694008
2018-06-12,0.174186727870396
2018-06-13,-0.403425454141182
2018-06-14,0.24685005225038
2018-06-15,-0.101762031549413
2018-06-18,-0.21283911808867
2018-06-19,-0.403151795139145
2018-06-20,0.171069022411263
2018-06-21,-0.636572884322018
2018-06-22,0.186020325513425
2018-06-25,-1.38197229677708
2018-06-26,0.220215050569639
2018-06-27,-0.864158631314105
2018-06-28,0.615968001903155
2018-06-29,0.075811588751673
2018-07-02,0.306326083429376
2018-07-03,-0.495962928053384
2018-07-05,0.858385674553741
2018-07-06,0.844551760058021
2018-07-09,0.878429078534193
2018-07-10,0.346724931882214
2018-07-11,-0.711948637191639
2018-07-12,0.871099158017152
2018-07-13,0.107865553660869
2018-07-16,-0.102866462089857
2018-07-17,0.396582434344328
2018-07-18,0.215818207673735
2018-07-19,-0.396082684904897
2018-07-20,-0.0948897771274382
2018-07-23,0.183636234323092
2018-07-24,0.47695188860537
2018-07-25,0.906043507037246
2018-07-26,-0.303690274886748
2018-07-27,-0.65838346448448
2018-07-30,-0.577078931558717
2018-07-31,0.487283721930254
2018-08-01,-0.104089306757071
2018-08-02,0.491434958220882
2018-08-03,0.463343206534805
2018-08-06,0.353198265080135
2018-08-07,0.282020174648601
2018-08-08,-0.0262414393294996
2018-08-09,-0.144271467704016
2018-08-10,-0.713931226324505
2018-08-13,-0.40140376659803
2018-08-14,0.636893001641781
2018-08-15,-0.763120858137878
2018-08-16,0.788821455263822
2018-08-17,0.33176063752629
2018-08-20,0.242507490212862
2018-08-21,0.206639995462687
2018-08-22,-0.0398231054243858
2018-08-23,-0.169269392353488
2018-08-24,0.61797059282851
2018-08-27,0.764114140711047
2018-08-28,0.0269242077598264
2018-08-29,0.568524246891222
2018-08-30,-0.444017204445846
2018-08-31,0.0134468467305027
2018-09-04,-0.165569204887905
2018-09-05,-0.280706280126619
2018-09-06,-0.365899103661871
2018-09-07,-0.221579789501369
2018-09-10,0.189602821469315
2018-09-11,0.373286568971487
2018-09-12,0.0356608349894039
2018-09-13,0.526835215939148
2018-09-14,0.027544390076617
2018-09-17,-0.558529099154903
2018-09-18,0.535465286762538
2018-09-19,0.125248803317213
2018-09-20,0.781001418532856
2018-09-21,-0.0368600937006747
2018-09-24,-0.352188231401396
2018-09-25,-0.130594849311816
2018-09-26,-0.329469968115959
2018-09-27,0.275947622851103
2018-09-28,-0.0006870144138027
2018-10-01,0.363449234219804
2018-10-02,-0.0396768910278844
2018-10-03,0.0711266736718841
2018-10-04,-0.820303542101009
2018-10-05,-0.554331458462265
2018-10-08,-0.0395194708349145
2018-10-09,-0.141890983415482
2018-10-10,-3.34163890426016
2018-10-11,-2.07875799725414
2018-10-12,1.41062354083763
2018-10-15,-0.592248229130021
2018-10-16,2.1267828034901
2018-10-17,-0.0252694262664832
2018-10-18,-1.44964905753406
2018-10-19,-0.0361235135279969
2018-10-22,-0.430879709647769
2018-10-23,-0.552707618069448
2018-10-24,-3.13507738611403
2018-10-25,1.84537179787139
2018-10-26,-1.74791380100032
2018-10-29,-0.658120829519415
2018-10-30,1.55453229718781
2018-10-31,1.07928787545708
2018-11-01,1.05024988685294
2018-11-02,-0.633672105588001
2018-11-05,0.558469369719461
2018-11-06,0.623978774440825
2018-11-07,2.09870785607738
2018-11-08,-0.251206898849077
2018-11-09,-0.92415859153725
2018-11-12,-1.98981509854681
2018-11-13,-0.14830188221735
2018-11-14,-0.759618881845103
2018-11-15,1.05380327426428
2018-11-16,0.222083753748326
2018-11-19,-1.6783161235721
2018-11-20,-1.83179955565862
2018-11-21,0.303866931076691
2018-11-23,-0.657641971185541
2018-11-26,1.54129758453667
2018-11-27,0.325638436461251
2018-11-28,2.27140513031143
2018-11-29,-0.218549454539385
2018-11-30,0.813754771661745
2018-12-03,1.08820017943625
2018-12-04,-3.29002288385558
2018-12-06,-0.152338791414408
2018-12-07,-2.35963354563227
2018-12-10,0.176060322291693
2018-12-11,-0.0356409675306146
2018-12-12,0.540487101035136
2018-12-13,-0.0199950312414821
2018-12-14,-1.92712122687002
2018-12-17,-2.09922848285764
2018-12-18,0.00863968537885285
2018-12-19,-1.55154591759361
2018-12-20,-1.58978094841045
2018-12-21,-2.08031204985408
2018-12-24,-2.74865728783142
2018-12-26,4.84031776708056
2018-12-27,0.852622896881616
2018-12-28,-0.124235391023131
2018-12-31,0.845662586220719
2019-01-02,0.126769306262631
2019-01-03,-2.50683318189155
2019-01-04,3.37593990603473
2019-01-07,0.698597599522977
2019-01-08,0.964858733649709
2019-01-09,0.408967133282179
2019-01-10,0.450824137446215
2019-01-11,-0.0146308544482388
2019-01-14,-0.527139458724957
2019-01-15,1.0664618879761
2019-01-16,0.221952052908847
2019-01-17,0.756273070623603
2019-01-18,1.30969128398553
2019-01-22,-1.42584768279717
2019-01-23,0.22004899194501
2019-01-24,0.13747801109778
2019-01-25,0.845286770051779
2019-01-28,-0.787777584870852
2019-01-29,-0.1457307935115
2019-01-30,1.54296098915596
2019-01-31,0.85606488097687
2019-02-01,0.0898206584806438
2019-02-04,0.675338111747958
2019-02-05,0.46973704373503
2019-02-06,-0.222691571750833
2019-02-07,-0.940119320223065
2019-02-08,0.0675972566012817
2019-02-11,0.0708851803818078
2019-02-12,1.28078529028386
2019-02-13,0.30194315937111
2019-02-14,-0.265516338369842
2019-02-15,1.0820004664958
2019-02-19,0.149762132659159
2019-02-20,0.177553356074078
2019-02-21,-0.353266932584173
2019-02-22,0.639063869471101
2019-02-25,0.123110444975172
2019-02-26,-0.0790769672840419
2019-02-27,-0.0544197436298077
2019-02-28,-0.282950759895062
2019-03-01,0.687165658871347
2019-03-04,-0.388810739525525
2019-03-05,-0.113217348970718
2019-03-06,-0.654547360412483
2019-03-07,-0.815891113833089
2019-03-08,-0.213396413145439
2019-03-11,1.45595355634898
2019-03-12,0.294896572780523
2019-03-13,0.692554675701906
2019-03-14,-0.0868399331595882
2019-03-15,0.497251940843046
2019-03-18,0.369909679890856
2019-03-19,-0.0130570079926784
2019-03-20,-0.294869674076992
2019-03-21,1.07940154946888
2019-03-22,-1.91568271342728
2019-03-25,-0.0839372833310037
2019-03-26,0.715705294793434
2019-03-27,-0.465514327659911
2019-03-28,0.358305471526155
2019-03-29,0.671170604332438
2019-04-01,1.15021955180445
2019-04-02,0.00174555548584365
2019-04-03,0.214607242008924
2019-04-04,0.208246524299405
2019-04-05,0.462571762309949
2019-04-08,0.104691175052363
2019-04-09,-0.608597643566977
2019-04-10,0.347183775449977
2019-04-11,0.00381223403422837
2019-04-12,0.658757838954571
2019-04-15,-0.0629567244356366
2019-04-16,0.0509228325139333
2019-04-17,-0.227640082073854
2019-04-18,0.157784682425
2019-04-22,0.101150581693243
2019-04-23,0.880235117499506
2019-04-24,-0.219416860303578
2019-04-25,-0.0369041740272635
2019-04-26,0.467435032330421
2019-04-29,0.107094850423461
2019-04-30,0.0950964698791523
2019-05-01,-0.753044585029183
2019-05-02,-0.212624464868227
2019-05-03,0.95921274789168
2019-05-06,-0.448101318907224
2019-05-07,-1.66494880889054
2019-05-08,-0.160671538942037
2019-05-09,-0.302599866192832
2019-05-10,0.371339406991922
2019-05-13,-2.44264691384979
2019-05-14,0.798398752321638
2019-05-15,0.582199432772246
2019-05-16,0.885595711649945
2019-05-17,-0.585443717404388
2019-05-20,-0.677225797540526
2019-05-21,0.845994909319092
2019-05-22,-0.282839236389965
2019-05-23,-1.19856922412822
2019-05-24,0.135264377203725
2019-05-28,-0.841095000026026
2019-05-29,-0.693591016723083
2019-05-30,0.209627267499712
2019-05-31,-1.32832052504535
2019-06-03,-0.276907065430798
2019-06-04,2.12059270810778
2019-06-05,0.812872697881328
2019-06-06,0.611684067600482
2019-06-07,1.04429792472596
2019-06-10,0.464922007476609
2019-06-11,-0.034994145795153
2019-06-12,-0.203965782723703
2019-06-13,0.408901050284971
2019-06-14,-0.161281178615269
2019-06-17,0.0931315432352697
2019-06-18,0.967048959297045
2019-06-19,0.298071679302403
2019-06-20,0.94276053358735
2019-06-21,-0.126001627972805
2019-06-24,-0.173338846058702
2019-06-25,-0.954177564038794
2019-06-26,-0.123469567880363
2019-06-27,0.381588579259073
2019-06-28,0.574094184059959
2019-07-01,0.764301861095351
2019-07-02,0.292384727698902
2019-07-03,0.764309566068366
2019-07-05,-0.180753420454849
2019-07-08,-0.484717301012338
2019-07-09,0.123579305845389
2019-07-10,0.450054693608237
2019-07-11,0.228261957894915
2019-07-12,0.460953430206601
2019-07-15,0.0175853728384467
2019-07-16,-0.340958455501017
2019-07-17,-0.65526654660939
2019-07-18,0.357559770881899
2019-07-19,-0.619588946484395
2019-07-22,0.282470168624993
2019-07-23,0.682414513927654
2019-07-24,0.467719281347634
2019-07-25,-0.527629648360062
2019-07-26,0.736053577078266
2019-07-29,-0.161742192905656
2019-07-30,-0.258198537204457
2019-07-31,-1.09452069521394
2019-08-01,-0.903952756880599
2019-08-02,-0.73093885395652
2019-08-05,-3.02301821696949
2019-08-06,1.29330239111667
2019-08-07,0.0766582333858956
2019-08-08,1.85884624668651
2019-08-09,-0.663859313365744
2019-08-12,-1.2393809115915
2019-08-13,1.50183462673015
2019-08-14,-2.97303524545356
2019-08-15,0.246123669818044
2019-08-16,1.43230581722449
2019-08-19,1.20331755643974
2019-08-20,-0.794621531211526
2019-08-21,0.82129795573529
2019-08-22,-0.050620295927839
2019-08-23,-2.62888811228379
2019-08-26,1.0923112730798
2019-08-27,-0.320832180055675
2019-08-28,0.652415153056296
2019-08-29,1.26074824410942
2019-08-30,0.0642580759876665
2019-09-03,-0.69230093326853
2019-09-04,1.07837252784213
2019-09-05,1.29259129217596
2019-09-06,0.0910190804376931
2019-09-09,-0.00940146788996898
2019-09-10,0.0322252425930536
2019-09-11,0.720367232638708
2019-09-12,0.287501627823339
2019-09-13,-0.0724676876965091
2019-09-16,-0.314051291635664
2019-09-17,0.257842537246233
2019-09-18,0.0342633284267535
2019-09-19,0.00199745219298109
2019-09-20,-0.490759910488059
2019-09-23,-0.00969406178281673
2019-09-24,-0.845198896355193
2019-09-25,0.613968524196373
2019-09-26,-0.243187100961251
2019-09-27,-0.533053457912924
2019-09-30,0.503491021524916
2019-10-01,-1.23341269454134
2019-10-02,-1.80654041876434
2019-10-03,0.79403047738662
2019-10-04,1.41167852392599
2019-10-07,-0.448835227368161
2019-10-08,-1.56831595521103
2019-10-09,0.906329651484583
2019-10-10,0.639520241178282
2019-10-11,1.08795796737891
2019-10-14,-0.13880816732188
2019-10-15,0.990644537648855
2019-10-16,-0.200154455319357
2019-10-17,0.275902196977462
2019-10-18,-0.392704570979951
2019-10-21,0.68481141053347
2019-10-22,-0.357504925837659
2019-10-23,0.284310334583004
2019-10-24,0.19186046591706
2019-10-25,0.4064429510656
2019-10-28,0.556581991611793
2019-10-29,-0.0832751956480138
2019-10-30,0.324808940085752
2019-10-31,-0.302743863453969
2019-11-01,0.961593055964727
2019-11-04,0.369724580531283
2019-11-05,-0.118640271182002
2019-11-06,0.0702250592288678
2019-11-07,0.272637524428099
2019-11-08,0.255740314511677
2019-11-11,-0.196439541333859
2019-11-12,0.156342330126336
2019-11-13,0.071128157011735
2019-11-14,0.0836692614456069
2019-11-15,0.76660287779724
2019-11-18,0.050302632281074
2019-11-19,-0.0592770099693496
2019-11-20,-0.376325642094066
2019-11-21,-0.158400608618869
2019-11-22,0.217257394237613
2019-11-25,0.747925188746734
2019-11-26,0.219316364493949
2019-11-27,0.416573562529976
2019-11-29,-0.401928622998859
2019-12-02,-0.8668483693965
2019-12-03,-0.666022525804344
2019-12-04,0.630365760877005
2019-12-05,0.149912692663001
2019-12-06,0.909424603042552
2019-12-09,-0.31678336844756
2019-12-10,-0.109753616898267
2019-12-11,0.290393752935003
2019-12-12,0.853866737555542
2019-12-13,0.00725791502151907
2019-12-16,0.712236094254237
2019-12-17,0.0335236028460528
2019-12-18,-0.0432393640522832
2019-12-19,0.444937882186558
2019-12-20,0.493259580433403
2019-12-23,0.0865768714298554
2019-12-24,-0.0195467302468444
2019-12-26,0.511506241005399
2019-12-27,0.00339841396570506
2019-12-30,-0.579759607934882
2019-12-31,0.294169064419059
2020-01-02,0.834389536231583
2020-01-03,-0.708490936495387
2020-01-06,0.352714519427266
2020-01-07,-0.28071750845946
2020-01-08,0.489047348564142
2020-01-09,0.663321411690632
2020-01-10,-0.285926248750634
2020-01-13,0.695199404593438
2020-01-14,-0.151568083689568
2020-01-15,0.186845024368765
2020-01-16,0.833174742223264
2020-01-17,0.38547232474837
2020-01-21,-0.265550036958473
2020-01-22,0.0289034296681479
2020-01-23,0.114032619335802
2020-01-24,-0.908328942619363
2020-01-27,-1.58557523568437
2020-01-28,1.00033835003526
2020-01-29,-0.0867250143585352
2020-01-30,0.312945693021049
2020-01-31,-1.78644435713622
2020-02-03,0.722842576123206
2020-02-04,1.48693159175064
2020-02-05,1.11877786589734
2020-02-06,0.332015505700234
2020-02-07,-0.541549100945993
2020-02-10,0.729969012057374
2020-02-11,0.168704868600322
2020-02-12,0.644185310520307
2020-02-13,-0.163177635998935
2020-02-14,0.184183609848532
2020-02-18,-0.292421398614806
2020-02-19,0.469474828428496
2020-02-20,-0.382281742799684
2020-02-21,-1.05738092328203
2020-02-24,-3.40880794204406
2020-02-25,-3.07479043753531
2020-02-26,-0.378569732352929
2020-02-27,-4.51681363522622
2020-02-28,-0.827246310965268
2020-03-02,4.50108687694133
2020-03-03,-2.8510484922915
2020-03-04,4.1336349360634
2020-03-05,-3.45107824399822
2020-03-06,-1.72009436523854
2020-03-09,-7.90104129403719
2020-03-10,4.82150524258591
2020-03-11,-5.01028928086056
2020-03-12,-9.99448524024729
2020-03-13,8.88084069492354
2020-03-16,-12.7652197472817
2020-03-17,5.82263126356919
2020-03-18,-5.32222723320803
2020-03-19,0.469676097040139
2020-03-20,-4.43276240533672
2020-03-23,-2.97315010095769
2020-03-24,8.96832325179631
2020-03-25,1.14689904208225
2020-03-26,6.05438310742468
2020-03-27,-3.42678455416268
2020-03-30,3.29665905699752
2020-03-31,-1.61423107884158
2020-04-01,-4.51463627327868
2020-04-02,2.25726570569602
2020-04-03,-1.5252860825945
2020-04-06,6.7968244144831
2020-04-07,-0.16043390483631
2020-04-08,3.34893711912851
2020-04-09,1.43834703036996
2020-04-13,-1.0156059444677
2020-04-14,3.01145595723069
2020-04-15,-2.22767326723687
2020-04-16,0.579983783954141
2020-04-17,2.64409320213206
2020-04-20,-1.80428456153479
2020-04-21,-3.11551152363307
2020-04-22,2.26713005821368
2020-04-23,-0.0539567660196028
2020-04-24,1.38220905668396
2020-04-27,1.4606868181736
2020-04-28,-0.525617019048408
2020-04-29,2.62367040450737
2020-04-30,-0.925514331905486
2020-05-01,-2.84602110147762
2020-05-04,0.424082257884972
2020-05-05,0.899993519777986
2020-05-06,-0.700388039904265
2020-05-07,1.14389557548904
2020-05-08,1.6730795065226
2020-05-11,0.0133069366791361
2020-05-12,-2.0713365772048
2020-05-13,-1.76169966242803
2020-05-14,1.1458917804072
2020-05-15,0.39186752037228
2020-05-18,3.10152087700732
2020-05-19,-1.05397477115989
2020-05-20,1.65139906134151
2020-05-21,-0.780396830995311
2020-05-22,0.235094568681227
2020-05-26,1.22142850214599
2020-05-27,1.47184474903153
2020-05-28,-0.211013932491966
2020-05-29,0.480079355230778
2020-06-01,0.374421647836343
2020-06-02,0.817730728240029
2020-06-03,1.35566708125623
2020-06-04,-0.337438908360888
2020-06-05,2.5874012821637
2020-06-08,1.19696564058049
2020-06-09,-0.782974341972142
2020-06-10,-0.532725573518178
2020-06-11,-6.07526929962887
2020-06-12,1.29762866052108
2020-06-15,0.82778608181755
2020-06-16,1.87848528667107
2020-06-17,-0.360679623262961
2020-06-18,0.0594043403802758
2020-06-19,-0.566551356567402
2020-06-22,0.647409329665827
2020-06-23,0.429816919148429
2020-06-24,-2.61952655956623
2020-06-25,1.08998277282168
2020-06-26,-2.45252042748305
2020-06-29,1.45788881135331
2020-06-30,1.52923494357555
2020-07-01,0.50095639758716
2020-07-02,0.453097047681617
2020-07-06,1.5756930832163
2020-07-07,-1.08774778696432
2020-07-08,0.779698626343084
2020-07-09,-0.565959147619566
2020-07-10,1.04118097744443
2020-07-13,-0.940664521605861
2020-07-14,1.33173005829033
2020-07-15,0.904105693635415
2020-07-16,-0.34119152141141
2020-07-17,0.284456258758325
2020-07-20,0.837179725514048
2020-07-21,0.167762933456039
2020-07-22,0.573063059447243
2020-07-23,-1.23963784122463
2020-07-24,-0.620964002427549
2020-07-27,0.736792882148229
2020-07-28,-0.649443541864692
2020-07-29,1.23517833517433
2020-07-30,-0.375730176345535
2020-07-31,0.764123624217561
2020-08-03,0.71553626643599
2020-08-04,0.360542302613354
2020-08-05,0.640916043551698
2020-08-06,0.640712602066529
2020-08-07,0.0632829269957114
2020-08-10,0.273846527339217
2020-08-11,-0.800105540137785
2020-08-12,1.38995022936133
2020-08-13,-0.204927267615673
2020-08-14,-0.0171897396278098
2020-08-17,0.270617750742375
2020-08-18,0.230074041981609
2020-08-19,-0.441412334518176
2020-08-20,0.31536547683455
2020-08-21,0.343519998297381
2020-08-24,0.999361536490184
2020-08-25,0.358989974554014
2020-08-26,1.01440013448428
2020-08-27,0.167164603180936
2020-08-28,0.671000284956946
2020-08-31,-0.219737517550911
2020-09-01,0.749683142070623
2020-09-02,1.52490501438702
2020-09-03,-3.57575941421864
2020-09-04,-0.816628075427417
2020-09-08,-2.81488290864669
2020-09-09,1.9944760662181
2020-09-10,-1.77412459253965
2020-09-11,0.0532930158087197
2020-09-14,1.26613350250242
2020-09-15,0.520578593049947
2020-09-16,-0.462964689215184
2020-09-17,-0.84479495285521
2020-09-18,-1.12455769478288
2020-09-21,-1.16385640272991
2020-09-22,1.04630163983774
2020-09-23,-2.40073389143749
2020-09-24,0.298300555462916
2020-09-25,1.58504392241881
2020-09-28,1.59821918538547
2020-09-29,-0.482428270444402
2020-09-30,0.821984256837993
2020-10-01,0.527894956429442
2020-10-02,-0.962381286637104
2020-10-05,1.78131090029012
2020-10-06,-1.40720643875234
2020-10-07,1.72471637702412
2020-10-08,0.797821289486933
2020-10-09,0.87550951807529
2020-10-12,1.62825301583247
2020-10-13,-0.6326891629163
2020-10-14,-0.664517208405968
2020-10-15,-0.152892351421308
2020-10-16,0.0134910456630166
2020-10-19,-1.64646635149417
2020-10-20,0.471619532000034
2020-10-21,-0.219811401156988
2020-10-22,0.520535400349154
2020-10-23,0.34398383203893
2020-10-26,-1.87644729853211
2020-10-27,-0.303020535044674
2020-10-28,-3.59255421085773
2020-10-29,1.18765249399981
2020-10-30,-1.22037134452615
2020-11-02,1.22429508905917
2020-11-03,1.76427376840778
2020-11-04,2.18075256550918
2020-11-05,1.92732657767021
2020-11-06,-0.0287756585374055
2020-11-09,1.16319747463436
2020-11-10,-0.140077522086735
2020-11-11,0.76227283629926
2020-11-12,-1.00286515470707
2020-11-13,1.35185467062939
2020-11-16,1.15807349228323
2020-11-17,-0.480344378464714
2020-11-18,-1.16312106474812
2020-11-19,0.393867569073336
2020-11-20,-0.681573737291963
2020-11-23,0.562010818184966
2020-11-24,1.6032458814033
2020-11-25,-0.158567475551052
2020-11-27,0.239411102590203
2020-11-30,-0.460614063697307
2020-12-01,1.12081406615943
2020-12-02,0.17895645286039
2020-12-03,-0.0624352080293988
2020-12-04,0.879746371518664
2020-12-07,-0.193751343896409
2020-12-08,0.278327117017163
2020-12-09,-0.7980964948473
2020-12-10,-0.128593452777181
2020-12-11,-0.126579808423166
2020-12-14,-0.436878824514686
2020-12-15,1.2838482022218
2020-12-16,0.177122562032395
2020-12-17,0.574114280898286
2020-12-18,-0.351729695214864
2020-12-21,-0.391392848690941
2020-12-22,-0.207524469177045
2020-12-23,0.0745533271818033
2020-12-24,0.353034997948676
2020-12-28,0.868470753841244
2020-12-29,-0.222986482727983
2020-12-30,0.134064809508061
2020-12-31,0.641820471170362
2021-01-04,-1.48647627120262
2021-01-05,0.705763138336124
2021-01-06,0.569360338247549
2021-01-07,1.47382601077517
2021-01-08,0.547683739351612
2021-01-11,-0.657632761662086
2021-01-12,0.0415702030569065
2021-01-13,0.227305638672526
2021-01-14,-0.376051306874281
2021-01-15,-0.721600079827844
2021-01-19,0.810345763576237
2021-01-20,1.38394173765111
2021-01-21,0.0316673161313119
2021-01-22,-0.301515266293784
2021-01-25,0.360931751301763
2021-01-26,-0.148994316115392
2021-01-27,-2.60133151261002
2021-01-28,0.971329877875959
2021-01-29,-1.95003776547917
2021-02-01,1.59243002346781
2021-02-02,1.38025288143115
2021-02-03,0.100826061534498
2021-02-04,1.07948476439219
2021-02-05,0.38899196077633
2021-02-08,0.737210747628936
2021-02-09,-0.111414542172206
2021-02-10,-0.0345244522391042
2021-02-11,0.166107481458866
2021-02-12,0.469997092616126
2021-02-16,-0.0569434515414358
2021-02-17,-0.0320453348917837
2021-02-18,-0.442561422724275
2021-02-19,-0.185661909566548
2021-02-22,-0.776289289371057
2021-02-23,0.125552961152664
2021-02-24,1.12876676709863
2021-02-25,-2.47833944241727
2021-02-26,-0.476153229379861
2021-03-01,2.35121732256935
2021-03-02,-0.811367873950886
2021-03-03,-1.31523358948016
2021-03-04,-1.35080380643906
2021-03-05,1.93083563387102
2021-03-08,-0.537364322402567
2021-03-09,1.40554007439313
2021-03-10,0.601220377098777
2021-03-11,1.03418255006567
2021-03-12,0.101488332753163
2021-03-15,0.647093953941358
2021-03-16,-0.157091697859713
2021-03-17,0.28752446501592
2021-03-18,-1.48705600659476
2021-03-19,-0.0602885673753661
2021-03-22,0.700055689834223
2021-03-23,-0.766011811933431
2021-03-24,-0.548233660034825
2021-03-25,0.52265834327283
2021-03-26,1.64944186587164
2021-03-29,-0.0868389626386801
2021-03-30,-0.316282940964996
2021-03-31,0.361595359242095
2021-04-01,1.17558304276741
2021-04-05,1.43349877622434
2021-04-06,-0.0974004940797357
2021-04-07,0.147414569810778
2021-04-08,0.421175094059123
2021-04-09,0.769028813568795
2021-04-12,-0.0196098074740192
2021-04-13,0.328907187706307
2021-04-14,-0.409610432073038
2021-04-15,1.10331014011198
2021-04-16,0.360232339051691
2021-04-19,-0.532068989375745
2021-04-20,-0.682556100507803
2021-04-21,0.92630209198532
2021-04-22,-0.925333786055482
2021-04-23,1.08694098955322
2021-04-26,0.178068456458291
2021-04-27,-0.0214918981445322
2021-04-28,-0.0845897587396394
2021-04-29,0.67400415367036
2021-04-30,-0.722071341712116
2021-05-03,0.274432164951222
2021-05-04,-0.670073748984734
2021-05-05,0.070321644711413
2021-05-06,0.813229949863192
2021-05-07,0.734629141918752
2021-05-10,-1.04904805031385
2021-05-11,-0.871175014178149
2021-05-12,-2.16827823583028
2021-05-13,1.20996445780932
2021-05-14,1.48077785636236
2021-05-17,-0.2533258183961
2021-05-18,-0.855377238403321
2021-05-19,-0.29477518113783
2021-05-20,1.04994293345086
2021-05-21,-0.0784188075252601
2021-05-24,0.986249748121537
2021-05-25,-0.212754540082827
2021-05-26,0.187505755061146
2021-05-27,0.116463608986273
2021-05-28,0.0768586452887021
2021-06-01,-0.0492454758630245
2021-06-02,0.144588903690135
2021-06-03,-0.363530305604876
2021-06-04,0.879530338301571
2021-06-07,-0.0797056269421503
2021-06-08,0.017500954944083
2021-06-09,-0.182553259061535
2021-06-10,0.464145477646305
2021-06-11,0.194653893280794
2021-06-14,0.181355638513736
2021-06-15,-0.201371995427735
2021-06-16,-0.540470374702551
2021-06-17,-0.0435810543672588
2021-06-18,-1.32113556872842
2021-06-21,1.39051635123195
2021-06-22,0.511140637899032
2021-06-23,-0.108387051864867
2021-06-24,0.579442954591691
2021-06-25,0.332506316468617
2021-06-28,0.231228886047319
2021-06-29,0.0277297742686144
2021-06-30,0.13272784229077
2021-07-01,0.520804143225462
2021-07-02,0.747209589469122
2021-07-06,-0.202390277002173
2021-07-07,0.335334655366282
2021-07-08,-0.859788100955505
2021-07-09,1.12148259024138
2021-07-12,0.34452326955936
2021-07-13,-0.352301118116571
2021-07-14,0.116425656546859
2021-07-15,-0.326757356274499
2021-07-16,-0.756741500681279
2021-07-19,-1.59967813999842
2021-07-20,1.50488060047991
2021-07-21,0.820804166214373
2021-07-22,0.201463920924283
2021-07-23,1.00943323862559
2021-07-26,0.237936692272811
2021-07-27,-0.47235833821766
2021-07-28,-0.0186279231552788
2021-07-29,0.41973318452726
2021-07-30,-0.542071360826135
2021-08-02,-0.184450567006067
2021-08-03,0.816996133891834
2021-08-04,-0.46431506612965
2021-08-05,0.598748599042054
2021-08-06,0.167386454852902
2021-08-09,-0.0940350264956535
2021-08-10,0.0992186953864049
2021-08-11,0.12749307180151
2021-08-12,0.413780773547856
2021-08-13,0.160601632092394
2021-08-16,0.261742226199324
2021-08-17,-0.708574350713675
2021-08-18,-1.08066528452557
2021-08-19,0.125590325615832
2021-08-20,0.810860389074186
2021-08-23,0.848766798441147
2021-08-24,0.149461880196178
2021-08-25,0.221765740325175
2021-08-26,-0.584194982760344
2021-08-27,0.87690715404527
2021-08-30,0.4297324106874
2021-08-31,-0.135002691589214
2021-09-01,0.0311640060951746
2021-09-02,0.283860575440542
2021-09-03,-0.0335087261181144
2021-09-07,-0.340135245232176
2021-09-08,-0.131943681381586
2021-09-09,-0.46162471500022
2021-09-10,-0.775255228627714
2021-09-13,0.227390034637054
2021-09-14,-0.576321396625801
2021-09-15,0.843829422207953
2021-09-16,-0.155234471276522
2021-09-17,-0.915263027579805
2021-09-20,-1.71230777263816
2021-09-21,-0.081268865854689
2021-09-22,0.94745852242184
2021-09-23,1.20616803699374
2021-09-24,0.145994281136375
2021-09-27,-0.27802439201885
2021-09-28,-2.05743177398929
2021-09-29,0.156795433628432
2021-09-30,-1.19812029450159
2021-10-01,1.14259521133349
2021-10-04,-1.30709520486434
2021-10-05,1.04695174986009
2021-10-06,0.409439934962386
2021-10-07,0.826403922506636
2021-10-08,-0.191555660242138
2021-10-11,-0.688944164433991
2021-10-12,-0.241970568655425
2021-10-13,0.301795587023079
2021-10-14,1.69191622857117
2021-10-15,0.743252063718991
2021-10-18,0.336908780180423
2021-10-19,0.736614278423531
2021-10-20,0.36573335985608
2021-10-21,0.299139316835983
2021-10-22,-0.107312922466285
2021-10-25,0.473695944085328
2021-10-26,0.181814143224379
2021-10-27,-0.50643703711053
2021-10-28,0.978128842418435
2021-10-29,0.194743723171698
2021-11-01,0.179845894590258
2021-11-02,0.367360712038867
2021-11-03,0.644049461288887
2021-11-04,0.41732223428177
2021-11-05,0.372585004528503
2021-11-08,0.0887394060701041
2021-11-09,-0.350491092639871
2021-11-10,-0.825984216386111
2021-11-11,0.0550788332988716
2021-11-12,0.719669756412955
2021-11-15,-0.00107398780162526
2021-11-16,0.385777905712636
2021-11-17,-0.260501548289582
2021-11-18,0.337906474017124
2021-11-19,-0.139964460498732
2021-11-22,-0.320225831696064
2021-11-23,0.165576138319423
2021-11-24,0.229122377666791
2021-11-26,-2.29870111593211
2021-11-29,1.31138360828231
2021-11-30,-1.9143381187849
2021-12-01,-1.18855414579571
2021-12-02,1.40946383960578
2021-12-03,-0.848445514173868
2021-12-06,1.16625993096857
2021-12-07,2.04956031862533
2021-12-08,0.30805355865855
2021-12-09,-0.720698823252341
2021-12-10,0.95037691182096
2021-12-13,-0.917815834279345
2021-12-14,-0.749872285462416
2021-12-15,1.62162673518917
2021-12-16,-0.87818633111123
2021-12-17,-1.03409645840546
2021-12-20,-1.14533983232565
2021-12-21,1.76217553851963
2021-12-22,1.01287280291267
2021-12-23,0.620441268525163
2021-12-27,1.37440515736067
2021-12-28,-0.101066539888706
2021-12-29,0.140091340185755
2021-12-30,-0.299423384190511
2021-12-31,-0.262963437347352
2022-01-03,0.635382417038777
2022-01-04,-0.0629820252203928
2022-01-05,-1.95832643045009
2022-01-06,-0.0964233740180731
2022-01-07,-0.405844108233566
2022-01-10,-0.144207053753931
2022-01-11,0.911828645239865
2022-01-12,0.281379201466692
2022-01-13,-1.43460292343995
2022-01-14,0.0819644269590469
2022-01-18,-1.85591053980083
2022-01-19,-0.973679094146007
2022-01-20,-1.10987423043323
2022-01-21,-1.90959953246352
2022-01-24,0.276790475827049
2022-01-25,-1.22465905568667
2022-01-26,-0.149775692588605
2022-01-27,-0.539863519997041
2022-01-28,2.40559679147356
2022-01-31,1.87098262229846
2022-02-01,0.683956034831823
2022-02-02,0.937840044832328
2022-02-03,-2.46934717201199
2022-02-04,0.514367843986285
2022-02-07,-0.370858092782811
2022-02-08,0.836611346663396
2022-02-09,1.44128420792651
2022-02-10,-1.82818244850562
2022-02-11,-1.91516826380855
2022-02-14,-0.384799075562903
2022-02-15,1.56437176460642
2022-02-16,0.0880819720283199
2022-02-17,-2.14005041369365
2022-02-18,-0.71919616638656
2022-02-22,-1.01947354350163
2022-02-23,-1.85837357487877
2022-02-24,1.48461052527242
2022-02-25,2.21260805512653
2022-02-28,-0.244559146312717
2022-03-01,-1.55944677866113
2022-03-02,1.84710467806504
2022-03-03,-0.526852074424511
2022-03-04,-0.796568454300228
2022-03-07,-2.99625868144151
2022-03-08,-0.726004397569824
2022-03-09,2.53735981221404
2022-03-10,-0.430104992024738
2022-03-11,-1.30462789332384
2022-03-14,-0.744867509553337
2022-03-15,2.11826297241462
2022-03-16,2.21369216483929
2022-03-17,1.2272205068701
2022-03-18,1.15948144118878
2022-03-21,-0.0434754854302
2022-03-22,1.12406995540741
2022-03-23,-1.23486302524949
2022-03-24,1.42420122816187
2022-03-25,0.505338070423633
2022-03-28,0.711955102004325
2022-03-29,1.2182044101392
2022-03-30,-0.631358899908996
2022-03-31,-1.57763352268816
2022-04-01,0.340442096146276
2022-04-04,0.805838253213409
2022-04-05,-1.26311590740062
2022-04-06,-0.976443391247805
2022-04-07,0.424436555203656
2022-04-08,-0.265454667555254
2022-04-11,-1.70213345846957
2022-04-12,-0.342330053045359
2022-04-13,1.11126032689022
2022-04-14,-1.22184803835079
2022-04-18,-0.0204889272406916
2022-04-19,1.59300447493873
2022-04-20,-0.0618666406182911
2022-04-21,-1.48628555513106
2022-04-22,-2.81320763773678
2022-04-25,0.568176514411256
2022-04-26,-2.85500089285975
2022-04-27,0.209584902496474
2022-04-28,2.44456553408323
2022-04-29,-3.69591597846952
2022-05-02,0.565919929381842
2022-05-03,0.482546507535986
2022-05-04,2.9425221557327
2022-05-05,-3.63006775640997
2022-05-06,-0.569038441395264
2022-05-09,-3.25615195396036
2022-05-10,0.245488176040887
2022-05-11,-1.66002320956977
2022-05-12,-0.129680499411222
2022-05-13,2.35892679568686
2022-05-16,-0.395420851772244
2022-05-17,1.99689195814621
2022-05-18,-4.12338092912474
2022-05-19,-0.585086477734897
2022-05-20,0.0146131091991464
2022-05-23,1.83849954120596
2022-05-24,-0.815395090355686
2022-05-25,0.94063856489317
2022-05-26,1.96881660077199
2022-05-27,2.44411301958216
2022-05-31,-0.629413519366651
2022-06-01,-0.751090504115481
2022-06-02,1.8263225415545
2022-06-03,-1.64824056098176
2022-06-06,0.313248940703659
2022-06-07,0.947833153171906
2022-06-08,-1.08526230401544
2022-06-09,-2.4086457665156
2022-06-10,-2.95424148114094
2022-06-13,-3.95399319900402
2022-06-14,-0.378081803948938
2022-06-15,1.44870588365347
2022-06-16,-3.30522071138404
2022-06-17,0.219844734101216
2022-06-21,2.41824749606732
2022-06-22,-0.130242009535841
2022-06-23,0.948707248555714
2022-06-24,3.01055397299006
2022-06-27,-0.297749989034024
2022-06-28,-2.03486731494955
2022-06-29,-0.0711998820172255
2022-06-30,-0.879786624636836
2022-07-01,1.04985112966407
2022-07-05,0.158287510619282
2022-07-06,0.356679570506557
2022-07-07,1.48537231809307
2022-07-08,-0.0830616396127581
2022-07-11,-1.15944176605254
2022-07-12,-0.928686849749383
2022-07-13,-0.446686411181574
2022-07-14,-0.300313881276537
2022-07-15,1.90192316586337
2022-07-18,-0.839874248583605
2022-07-19,2.72535176437305
2022-07-20,0.587849394105788
2022-07-21,0.981306668950488
2022-07-22,-0.937628729381323
2022-07-25,0.131430297330581
2022-07-26,-1.16103425992637
2022-07-27,2.58200487786286
2022-07-28,1.2060319791912
2022-07-29,1.41077757817545
2022-08-01,-0.28270765449161
2022-08-02,-0.668468837887204
2022-08-03,1.5517456270091
2022-08-04,-0.0777642449584448
2022-08-05,-0.162706901891774
2022-08-08,-0.12383171221213
2022-08-09,-0.425774423592706
2022-08-10,2.10671584604079
2022-08-11,-0.0705722922202057
2022-08-12,1.71740469514923
2022-08-15,0.39616840562342
2022-08-16,0.187392282594701
2022-08-17,-0.726411486764711
2022-08-18,0.226698960638494
2022-08-19,-1.29839287130391
2022-08-22,-2.16323664664948
2022-08-23,-0.224037043443737
2022-08-24,0.291191669872326
2022-08-25,1.39932418361077
2022-08-26,-3.42685763170394
2022-08-29,-0.668867519732608
2022-08-30,-1.10894164921156
2022-08-31,-0.78477382081541
2022-09-01,0.299175226719584
2022-09-02,-1.0794552570724
2022-09-06,-0.410346469089617
2022-09-07,1.81748486661704
2022-09-08,0.65889668804413
2022-09-09,1.5156014981212
2022-09-12,1.05286514839964
2022-09-13,-4.41991630319745
2022-09-14,0.338128907884538
2022-09-15,-1.13822721681505
2022-09-16,-0.720804977566303
2022-09-19,0.683369772470499
2022-09-20,-1.13361147365989
2022-09-21,-1.72646740985076
2022-09-22,-0.846329383045408
2022-09-23,-1.73828287673299
2022-09-26,-1.0394360890281
2022-09-27,-0.212261095482447
2022-09-28,1.94811441811531
2022-09-29,-2.13527948230983
2022-09-30,-1.51813515462091
2022-10-03,2.55545775309294
2022-10-04,3.01253414168006
2022-10-05,-0.20199875589384
2022-10-06,-1.02979229113949
2022-10-07,-2.84031965314782
2022-10-10,-0.752067313365323
2022-10-11,-0.654051841232395
2022-10-12,-0.329619965016548
2022-10-13,2.56342593076315
2022-10-14,-2.39471207445288
2022-10-17,2.61355245575619
2022-10-18,1.13627682070874
2022-10-19,-0.669445523968548
2022-10-20,-0.798268673876557
2022-10-21,2.34477598604474
2022-10-24,1.18119402051118
2022-10-25,1.61357700158735
2022-10-26,-0.741514039898838
2022-10-27,-0.610118505318447
2022-10-28,2.43280367708554
2022-10-31,-0.748232703033658
2022-11-01,-0.410966372035837
2022-11-02,-2.53198437374831
2022-11-03,-1.06424225319568
2022-11-04,1.3526823285563
2022-11-07,0.956806167936008
2022-11-08,0.558228282875994
2022-11-09,-2.09967847123025
2022-11-10,5.39525156647969
2022-11-11,0.919831230477008
2022-11-14,-0.89759405449179
2022-11-15,0.867537641466853
2022-11-16,-0.828628311187352
2022-11-17,-0.30941046442301
2022-11-18,0.474729564815846
2022-11-21,-0.389124980027589
2022-11-22,1.34886062698296
2022-11-23,0.589726604173713
2022-11-25,-0.0283084262202138
2022-11-28,-1.55646967940655
2022-11-29,-0.159313370162373
2022-11-30,3.04786435212954
2022-12-01,-0.0868009829606109
2022-12-02,-0.119537466376229
2022-12-05,-1.80562496309715
2022-12-06,-1.45038694229864
2022-12-07,-0.186410725338249
2022-12-08,0.749363441393314
2022-12-09,-0.737671946421159
2022-12-12,1.417830729965
2022-12-13,0.726322325545681
2022-12-14,-0.60711166238363
2022-12-15,-2.52374779018254
2022-12-16,-1.1200239946012
2022-12-19,-0.904832894110363
2022-12-20,0.103680069788936
2022-12-21,1.47585486690556
2022-12-22,-1.45571424981465
2022-12-23,0.585095227191523
2022-12-27,-0.405784403465859
2022-12-28,-1.20934704429487
2022-12-29,1.73106343149936
2022-12-30,-0.254397564611075
2023-01-03,-0.400857248127373
2023-01-04,0.751069456213926
2023-01-05,-1.17138691364573
2023-01-06,2.25838355890318
2023-01-09,-0.0767927325991735
2023-01-10,0.695399797059437
2023-01-11,1.27675711922937
2023-01-12,0.341008491204242
2023-01-13,0.398889214465648
2023-01-17,-0.203255543099701
2023-01-18,-1.56849669777444
2023-01-19,-0.766767190181206
2023-01-20,1.8741673552352
2023-01-23,1.18113159513289
2023-01-24,-0.0711756364292881
2023-01-25,-0.0181741573465288
2023-01-26,1.09477080291143
2023-01-27,0.249173402170477
2023-01-30,-1.30535693152929
2023-01-31,1.45363044164188
2023-02-01,1.03980562968857
2023-02-02,1.45923846268534
2023-02-03,-1.0408592637285
2023-02-06,-0.615939319393988
2023-02-07,1.27903640373983
2023-02-08,-1.11425730124122
2023-02-09,-0.8869009831038
2023-02-10,0.219285570921812
2023-02-13,1.13835699511551
2023-02-14,-0.028045385549369
2023-02-15,0.276933753307596
2023-02-16,-1.38846892048807
2023-02-17,-0.277124217228319
2023-02-21,-2.0244783973471
2023-02-22,-0.157479548564332
2023-02-23,0.531527826323774
2023-02-24,-1.05934646197756
2023-02-27,0.306829253955243
2023-02-28,-0.304061983094783
2023-03-01,-0.473646420349283
2023-03-02,0.755359373119724
2023-03-03,1.60187491764834
2023-03-06,0.0686930778847739
2023-03-07,-1.54455904792634
2023-03-08,0.141379413560294
2023-03-09,-1.86318579454809
2023-03-10,-1.45839694360674
2023-03-13,-0.151090184073865
2023-03-14,1.63423882353637
2023-03-15,-0.700536392935369
2023-03-16,1.74095762490314
2023-03-17,-1.10806212739529
2023-03-20,0.88788696359412
2023-03-21,1.28986475185577
2023-03-22,-1.66002486398416
2023-03-23,0.298008386918269
2023-03-24,0.562396308430202
2023-03-27,0.164559956376742
2023-03-28,-0.157508328838851
2023-03-29,1.41368707750473
2023-03-30,0.569899919948291
2023-03-31,1.43333277820368
2023-04-03,0.369202256580259
2023-04-04,-0.581383974516214
2023-04-05,-0.249548165712099
2023-04-06,0.357277313280235
2023-04-10,0.0995807017009298
2023-04-11,-0.00413533329819415
2023-04-12,-0.414345632346169
2023-04-13,1.31755104978311
2023-04-14,-0.207151758457869
2023-04-17,0.330070358261558
2023-04-18,0.0854854803465699
2023-04-19,-0.00842655479402765
2023-04-20,-0.597033518831047
2023-04-21,0.0902781257300589
2023-04-24,0.0851216778272601
2023-04-25,-1.59371838185773
2023-04-26,-0.384858350334483
2023-04-27,1.93771934026969
2023-04-28,0.821933131324393
2023-05-01,-0.0386181048510181
2023-05-02,-1.16539066805732
2023-05-03,-0.70229080548927
2023-05-04,-0.724491345506273
2023-05-05,1.83061663818798
2023-05-08,0.045202648488285
2023-05-09,-0.458993894906001
2023-05-10,0.447394224191378
2023-05-11,-0.169806488970536
2023-05-12,-0.15845615894392
2023-05-15,0.295379768031623
2023-05-16,-0.639810768191751
2023-05-17,1.18206886220715
2023-05-18,0.940072306372741
2023-05-19,-0.144691388067564
2023-05-22,0.0155022679802386
2023-05-23,-1.12854687682837
2023-05-24,-0.734551267830597
2023-05-25,0.871945607901203
2023-05-26,1.29646809316402
2023-05-30,0.00166031306658709
2023-05-31,-0.612735818621424
2023-06-01,0.980621508585422
2023-06-02,1.4429812390107
2023-06-05,-0.200559149065782
2023-06-06,0.235113023385125
2023-06-07,-0.3819293926421
2023-06-08,0.616957160752385
2023-06-09,0.114740102305078
2023-06-12,0.927797498175487
2023-06-13,0.690857072590845
2023-06-14,0.0819089980126364
2023-06-15,1.210458049359
2023-06-16,-0.367837646775193
2023-06-20,-0.474635383523569
2023-06-21,-0.525908636692485
2023-06-22,0.370393038733496
2023-06-23,-0.768828805650301
2023-06-26,-0.449693436313225
2023-06-27,1.13907335241823
2023-06-28,-0.0354139388390351
2023-06-29,0.446356811449
2023-06-30,1.21943502618862
2023-07-03,0.116999309267207
2023-07-05,-0.197025809761264
2023-07-06,-0.795406117589437
2023-07-07,-0.286921279573349
2023-07-10,0.240213861062699
2023-07-11,0.671958399825456
2023-07-12,0.738390523538968
2023-07-13,0.843448298962635
2023-07-14,-0.102493219690736
2023-07-17,0.384796957442113
2023-07-18,0.70920669414285
2023-07-19,0.235513482723348
2023-07-20,-0.677982739625804
2023-07-21,0.0324042014613113
2023-07-24,0.402603849687466
2023-07-25,0.281071957583912
2023-07-26,-0.0155450978676086
2023-07-27,-0.644539305519665
2023-07-28,0.982937581043331
2023-07-31,0.146763543656903
2023-08-01,-0.266864530768274
2023-08-02,-1.39362006383354
2023-08-03,-0.255122545029174
2023-08-04,-0.531416937393914
2023-08-07,0.898361896485689
2023-08-08,-0.422720510005803
2023-08-09,-0.706361910204656
2023-08-10,0.0250682521080847
2023-08-11,-0.107026489922823
2023-08-14,0.573400487941811
2023-08-15,-1.16181393960968
2023-08-16,-0.758408179262382
2023-08-17,-0.774281137752908
2023-08-18,-0.0148717883957872
2023-08-21,0.685563485980012
2023-08-22,-0.278133104654543
2023-08-23,1.09843307107909
2023-08-24,-1.35493539840077
2023-08-25,0.669550106029604
2023-08-28,0.624507859419587
2023-08-29,1.44040687120572
2023-08-30,0.382585418119241
2023-08-31,-0.159821297433993
2023-09-01,0.179751276551876
2023-09-05,-0.420299782138223
2023-09-06,-0.699601449143117
2023-09-07,-0.321643311573361
2023-09-08,0.14256060622575
2023-09-11,0.670095149813577
2023-09-12,-0.571216902300442
2023-09-13,0.124086211753394
2023-09-14,0.83945855336669
2023-09-15,-1.2234145842493
2023-09-18,0.0721027694174481
2023-09-19,-0.215332736153329
2023-09-20,-0.943920420629141
2023-09-21,-1.65369183184882
2023-09-22,-0.229823740276025
2023-09-25,0.401499420380702
2023-09-26,-1.48441654822644
2023-09-27,0.0229287772294029
2023-09-28,0.587587714300142
2023-09-29,-0.271325964829039
2023-10-02,0.00793644061527488
2023-10-03,-1.38393958634477
2023-10-04,0.80770476078289
2023-10-05,-0.130488114699645
2023-10-06,1.17456420939615
2023-10-09,0.628406811938831
2023-10-10,0.519447609998558
2023-10-11,0.428381950009538
2023-10-12,-0.626602494065587
2023-10-13,-0.503149566021932
2023-10-16,1.05386423025902
2023-10-17,-0.00982498794446229
2023-10-18,-1.34904082511511
2023-10-19,-0.851903232805817
2023-10-20,-1.2665149196156
2023-10-23,-0.168699206543543
2023-10-24,0.723952351962964
2023-10-25,-1.44434346572382
2023-10-26,-1.19030812055847
2023-10-27,-0.481183857862177
2023-10-30,1.19384743002868
2023-10-31,0.645408482168719
2023-11-01,1.04511949901926
2023-11-02,1.86829389340861
2023-11-03,0.934988354455157
2023-11-06,0.17514577241009
2023-11-07,0.283609340171154
2023-11-08,0.100441103242055
2023-11-09,-0.811669069906884
2023-11-10,1.54957592707721
2023-11-13,-0.0836188441370567
2023-11-14,1.88953704745778
2023-11-15,0.159573820784686
2023-11-16,0.118971939671297
2023-11-17,0.1281227937179
2023-11-20,0.736310379379468
2023-11-21,-0.202297593175693
2023-11-22,0.405290509431389
2023-11-24,0.0596695609644371
2023-11-27,-0.195606931689873
2023-11-28,0.0979638528050941
2023-11-29,-0.0946696615102383
2023-11-30,0.377693126499423
2023-12-01,0.58565589538464
2023-12-04,-0.542318806382625
2023-12-05,-0.0569031593935065
2023-12-06,-0.391385194494376
2023-12-07,0.793661068482265
2023-12-08,0.408713414650386
2023-12-11,0.391681354778051
2023-12-12,0.458881279569212
2023-12-13,1.35583451750207
2023-12-14,0.264356518515463
2023-12-15,-0.00762524004489507
2023-12-18,0.451812226340031
2023-12-19,0.584926745082015
2023-12-20,-1.47931479653067
2023-12-21,1.02487693072728
2023-12-22,0.165868215275999
2023-12-26,0.422276104697872
2023-12-27,0.142943561642284
2023-12-28,0.0370106110327839
2023-12-29,-0.283047703673489
2024-01-02,-0.567666079972184
2024-01-03,-0.804861832719794
2024-01-04,-0.3434271663318
2024-01-05,0.182402163943429
2024-01-08,1.40159454363538
2024-01-09,-0.147899385231831
2024-01-10,0.564998065049593
2024-01-11,-0.067128083696133
2024-01-12,0.0750693753033715
2024-01-16,-0.373831905235633
2024-01-17,-0.563273127110797
2024-01-18,0.876672072624274
2024-01-19,1.22383082325488
2024-01-22,0.219192118723122
2024-01-23,0.291711534076455
2024-01-24,0.0811598976216743
2024-01-25,0.524657813497953
2024-01-26,-0.0651997755426237
2024-01-29,0.752836550524627
2024-01-30,-0.0600830396980001
2024-01-31,-1.62368517407323
2024-02-01,1.24162861140498
2024-02-02,1.06277707226319
2024-02-05,-0.319142470928391
2024-02-06,0.230774593174843
2024-02-07,0.82076825940085
2024-02-08,0.0570420540091376
2024-02-09,0.572591712879422
2024-02-12,-0.0949404142652099
2024-02-13,-1.3768609419845
2024-02-14,0.953416830421716
2024-02-15,0.580437267404044
2024-02-16,-0.48150435759613
2024-02-20,-0.60234264658181
2024-02-21,0.126340149510362
2024-02-22,2.0902888666404
2024-02-23,0.0347887026501681
2024-02-26,-0.379393924466775
2024-02-27,0.170489553872066
2024-02-28,-0.165953132111163
2024-02-29,0.521547045579851
2024-03-01,0.797593643338779
2024-03-04,-0.119397457496184
2024-03-05,-1.0245406275919
2024-03-06,0.512793285300184
2024-03-07,1.02514022849842
2024-03-08,-0.654992299205048
2024-03-11,-0.112286826802865
2024-03-12,1.11395125866682
2024-03-13,-0.192638400212175
2024-03-14,-0.287522105149485
2024-03-15,-0.650402285973861
2024-03-18,0.62981842384815
2024-03-19,0.563325304434237
2024-03-20,0.886476551636051
2024-03-21,0.323130909452907
2024-03-22,-0.140317183432614
2024-03-25,-0.305964038203221
2024-03-26,-0.28037219828061
2024-03-27,0.859359558270612
2024-03-28,0.111586270076103
2024-04-01,-0.201561452695742
2024-04-02,-0.726538820367217
2024-04-03,0.109052752333838
2024-04-04,-1.24110356192624
2024-04-05,1.10380501356993
2024-04-08,-0.0374701190041904
2024-04-09,0.144444947363453
2024-04-10,-0.950198183221218
2024-04-11,0.741722198334216
2024-04-12,-1.46575878022475
2024-04-15,-1.20941957874603
2024-04-16,-0.205862452750338
2024-04-17,-0.57973750760052
2024-04-18,-0.221060170048482
2024-04-19,-0.879712965405588
2024-04-22,0.869335115683789
2024-04-23,1.18935665677231
2024-04-24,0.0212987377931739
2024-04-25,-0.45869342701188
2024-04-26,1.01573813323252
2024-04-29,0.317340807663946
2024-04-30,-1.58555511189284
2024-05-01,-0.344135348563057
2024-05-02,0.908702472508338
2024-05-03,1.24785576595094
2024-05-06,1.02731736912478
2024-05-07,0.13425282288253
2024-05-08,-0.000583563519462871
2024-05-09,0.507803263910844
2024-05-10,0.164804008016617
2024-05-13,-0.0241333173866209
2024-05-14,0.482614852745478
2024-05-15,1.16478277873
2024-05-16,-0.208383747408902
2024-05-17,0.116409568789422
2024-05-20,0.0915970308490444
2024-05-21,0.249874976689313
2024-05-22,-0.270979120935166
2024-05-23,-0.740816228347185
2024-05-24,0.697664907667317
2024-05-28,0.0248770906885909
2024-05-29,-0.739431721574313
2024-05-30,-0.599295753575291
2024-05-31,0.799582423192824
2024-06-03,0.111546022353437
2024-06-04,0.150168100378423
2024-06-05,1.17780158499556
2024-06-06,-0.019983660163625
2024-06-07,-0.111584205027881
2024-06-10,0.257752997824134
2024-06-11,0.270671485520957
2024-06-12,0.846772024188702
2024-06-13,0.234191143711726
2024-06-14,-0.039393828099854
2024-06-17,0.76351643723207
2024-06-18,0.251815418151757
2024-06-20,-0.252912739541244
2024-06-21,-0.156335171882382
2024-06-24,-0.306987915586809
2024-06-25,0.392587367918296
2024-06-26,0.157119622472024
2024-06-27,0.0906909856798421
2024-06-28,-0.409201346236898
2024-07-01,0.267199098142967
2024-07-02,0.617620577118494
2024-07-03,0.50715622695332
2024-07-05,0.543397436096882
2024-07-08,0.101618247640545
2024-07-09,0.0740797478064437
2024-07-10,1.01563148781061
2024-07-11,-0.880164996926602
2024-07-12,0.550186402496422
2024-07-15,0.282221642335401
2024-07-16,0.636904997145216
2024-07-17,-1.40254415236445
2024-07-18,-0.784711214535072
2024-07-19,-0.716587922640599
2024-07-22,1.07342172462204
2024-07-23,-0.155931769394613
2024-07-24,-2.34212422228932
2024-07-25,-0.515588901971675
2024-07-26,1.10294204095709
2024-07-29,0.081297957182791
2024-07-30,-0.497251436136636
2024-07-31,1.56699807019169
2024-08-01,-1.37881237919899
2024-08-02,-1.85529066085532
2024-08-05,-3.04270413923931
2024-08-06,1.03008494935999
2024-08-07,-0.776471538877033
2024-08-08,2.2781139590899
2024-08-09,0.466079843438116
2024-08-12,0.0043033051721153
2024-08-13,1.67072334190497
2024-08-14,0.381643656119834
2024-08-15,1.6004489931305
2024-08-16,0.198780236839546
2024-08-19,0.967532743617738
2024-08-20,-0.198652723760873
2024-08-21,0.423071472100567
2024-08-22,-0.897294225665668
2024-08-23,1.14179374016636
2024-08-26,-0.315871016960578
2024-08-27,0.159392511272394
2024-08-28,-0.599390079473494
2024-08-29,-0.00393798434377146
2024-08-30,1.00424570791446
2024-09-03,-2.13779633723981
2024-09-04,-0.160382902738121
2024-09-05,-0.302258101467423
2024-09-06,-1.74109445074233
2024-09-09,1.15135344358173
2024-09-10,0.446269997779503
2024-09-11,1.06085556498421
2024-09-12,0.746735215680339
2024-09-13,0.539314223435561
2024-09-16,0.125584086731045
2024-09-17,0.0264515093896023
2024-09-18,-0.290065870831313
2024-09-19,1.68343568927263
2024-09-20,-0.194291363001575
2024-09-23,0.28053344257124
2024-09-24,0.25080311033463
2024-09-25,-0.186298320621248
2024-09-26,0.403054215819942
2024-09-27,-0.125400290007249
2024-09-30,0.422760365844077
2024-10-01,-0.936784869445439
2024-10-02,0.0138381326987513
2024-10-03,-0.168282865445946
2024-10-04,0.893025569918571
2024-10-07,-0.963226382938842
2024-10-08,0.964270680469426
2024-10-09,0.708823101699529
2024-10-10,-0.207226850598197
2024-10-11,0.60336087072983
2024-10-14,0.767811457459366
2024-10-15,-0.763856603751378
2024-10-16,0.466823278278028
2024-10-17,-0.0171175128537371
2024-10-18,0.396368694277349
2024-10-21,-0.18244327564183
2024-10-22,-0.0474966667196597
2024-10-23,-0.923382426767994
2024-10-24,0.214347313055718
2024-10-25,-0.0299492013185798
2024-10-28,0.264793462673296
2024-10-29,0.161282594490153
2024-10-30,-0.330569167248917
2024-10-31,-1.87901349287447
2024-11-01,0.408415800452566
2024-11-04,-0.281604481319064
2024-11-05,1.21910310295625
2024-11-06,2.49812809571868
2024-11-07,0.740375417399619
2024-11-08,0.374979403571807
2024-11-11,0.0968594190956296
2024-11-12,-0.289685147693675
2024-11-13,0.0232200764141766
2024-11-14,-0.606810858224449
2024-11-15,-1.32914308667935
2024-11-18,0.391015974620679
2024-11-19,0.395575052059627
2024-11-20,0.00219506213348097
2024-11-21,0.532625184428781
2024-11-22,0.346195959153661
2024-11-25,0.301592782012605
2024-11-26,0.570569715526226
2024-11-27,-0.380848108357768
2024-11-29,0.55921203968019
2024-12-02,0.244546388058176
2024-12-03,0.0451347242021782
2024-12-04,0.603318162813693
2024-12-05,-0.187152583938222
2024-12-06,0.24923453675374
2024-12-09,-0.616316728522648
2024-12-10,-0.296828431427976
2024-12-11,0.81326264113688
2024-12-12,-0.542873146146405
2024-12-13,-0.00264669893716984
2024-12-16,0.379215500878516
2024-12-17,-0.387147948065625
2024-12-18,-2.99365053045175
2024-12-19,-0.0865486750537769
2024-12-20,1.0810479402398
2024-12-23,0.726084958561657
2024-12-24,1.09822331651266
2024-12-26,-0.0405741088258083
2024-12-27,-1.11173049649125
2024-12-30,-1.07596739417293
2024-12-31,-0.429400645898248
2025-01-02,-0.222636314944857
2025-01-03,1.25173567078249
2025-01-06,0.552276649681893
2025-01-07,-1.11660215166367
2025-01-08,0.155914409383051
2025-01-10,-1.55316376502324
2025-01-13,0.157420437805378
2025-01-14,0.114562333416401
2025-01-15,1.81471325045166
2025-01-16,-0.21149243408658
2025-01-17,0.994147830839331
2025-01-21,0.873000944059577
2025-01-22,0.611918108699427
2025-01-23,0.529941945952928
2025-01-24,-0.28592159844667
2025-01-27,-1.46880590321121
2025-01-28,0.917564417771644
2025-01-29,-0.468987605692028
2025-01-30,0.52615481521805
2025-01-31,-0.505960399026684
2025-02-03,-0.763769072949572
2025-02-04,0.719890740302986
2025-02-05,0.390105391561413
2025-02-06,0.363767435526618
2025-02-07,-0.950984569366042
2025-02-10,0.669011229545369
2025-02-11,0.0339525143674635
2025-02-12,-0.272758318964783
2025-02-13,1.03723132142353
2025-02-14,-0.00719463955736188
2025-02-18,0.244200365555081
2025-02-19,0.23741488668243
2025-02-20,-0.434360488428887
2025-02-21,-1.72113966725398
2025-02-24,-0.498149356625177
2025-02-25,-0.469071513839658
2025-02-26,0.0136015029584158
2025-02-27,-1.59917426785245
2025-02-28,1.57297804206635
2025-03-03,-1.77534026483102
2025-03-04,-1.23102882315056
2025-03-05,1.10974725287356
2025-03-06,-1.7979677107455
2025-03-07,0.550543504545509
2025-03-10,-2.73435417884293
2025-03-11,-0.759664691853601
2025-03-12,0.487496794049136
2025-03-13,-1.39883668064655
2025-03-14,2.10429059531982
2025-03-17,0.639563497460571
2025-03-18,-1.07106670743207
2025-03-19,1.0740608172954
2025-03-20,-0.218728351378239
2025-03-21,0.082431360783275
2025-03-24,1.74921171286382
2025-03-25,0.15730954906541
2025-03-26,-1.12196403575986
2025-03-27,-0.331246100713223
2025-03-28,-1.99346011268524
2025-03-31,0.552324035764507
2025-04-01,0.377410455521243
2025-04-02,0.670566142948381
2025-04-03,-4.9605911828996
2025-04-04,-6.16090618982312
2025-04-07,-0.233419460596274
2025-04-08,-1.58250832770559
2025-04-09,9.08948798330371
2025-04-10,-3.52206070241117
2025-04-11,1.79303808357769
2025-04-14,0.791331932634343
2025-04-15,-0.172927522530131
2025-04-16,-2.26632539649021
2025-04-17,0.132595862377372
2025-04-21,-2.38496483340196
2025-04-22,2.48069521254504
2025-04-23,1.65238643668797
2025-04-24,2.00566280825836
2025-04-25,0.73460847957012
2025-04-28,0.0640501539001193
2025-04-29,0.57856415455575
2025-04-30,0.147889725193195
2025-05-01,0.627934571645206
2025-05-02,1.4619191109114
2025-05-05,-0.640204702931868
2025-05-06,-0.772298527839155
2025-05-07,0.43369381067091
2025-05-08,0.578302114746698
2025-05-09,-0.0711734134876352
2025-05-12,3.20399766770194
2025-05-13,0.722205902024697
2025-05-14,0.102389124227642
2025-05-15,0.412381743875656
2025-05-16,0.698084936809984
2025-05-19,0.0875729566049088
2025-05-20,-0.3887777069572
2025-05-21,-1.62667192677599
2025-05-22,-0.0444970022421387
2025-05-23,-0.673089959147255
2025-05-27,2.02525808021843
2025-05-28,-0.558680257644539
2025-05-29,0.400317087063229
2025-05-30,-0.00811884569955623
2025-06-02,0.409365149062602
2025-06-03,0.578353353536976
2025-06-04,0.00736847447182498
2025-06-05,-0.529135797869706
2025-06-06,1.02281962153761
2025-06-09,0.0919525186391823
2025-06-10,0.546801254164642
2025-06-11,-0.274766031828655
2025-06-12,0.38151330716758
2025-06-13,-1.13606685901022
2025-06-16,0.934882314818886
2025-06-17,-0.838725972364429
2025-06-18,-0.0309288034719302
2025-06-20,-0.218103521558888
2025-06-23,0.956065507125992
2025-06-24,1.10603286169582
2025-06-25,-0.000328610834898768
2025-06-26,0.798813103251739
2025-06-27,0.520539925615005
2025-06-30,0.515113750612883
2025-07-01,-0.111915710987986
2025-07-02,0.473387430649019
2025-07-03,0.830437821066532
2025-07-07,-0.789336810424501
2025-07-08,-0.0716143250469869
2025-07-09,0.604380277678018
2025-07-10,0.274244107292532
2025-07-11,-0.330297177322514
2025-07-14,0.140642433093596
2025-07-15,-0.396414506567133
2025-07-16,0.318856852538296
2025-07-17,0.535938024001226
2025-07-18,-0.00904903028082771
2025-07-21,0.139815700567247
2025-07-22,0.0637328496667422
2025-07-23,0.77815321457031
2025-07-24,0.0697979996932219
2025-07-25,0.396645100168058
2025-07-28,0.0176842471267591
2025-07-29,-0.296383019746749
2025-07-30,-0.125021393851021
2025-07-31,-0.370166204637457
2025-08-01,-1.6121387185569
2025-08-04,1.46295644914147
2025-08-05,-0.486970378046259
2025-08-06,0.725552221985382
2025-08-07,-0.0797798171827679
2025-08-08,0.776945481638869
2025-08-11,-0.250726839388449
2025-08-12,1.12815590751705
2025-08-13,0.322487338404542
2025-08-14,0.0303044878554815
2025-08-15,-0.290133991636488
2025-08-18,-0.0100768257736306
2025-08-19,-0.587532911220734
2025-08-20,-0.243463063226379
2025-08-21,-0.401221972895094
2025-08-22,1.50722851587783
2025-08-25,-0.427551253964609
2025-08-26,0.412547371011662
2025-08-27,0.238813045330311
2025-08-28,0.315174744146596
2025-08-29,-0.641874040279156
2025-09-02,-0.694635006103184
2025-09-03,0.508711230294168
2025-09-04,0.831184710287403
2025-09-05,-0.317017266993602
2025-09-08,0.210376445088833
2025-09-09,0.268454703007315
2025-09-10,0.297902822939733
2025-09-11,0.84500876230944
2025-09-12,-0.0482877881427868
2025-09-15,0.469557772655982
2025-09-16,-0.128876043333115
2025-09-17,-0.0970639078245128
2025-09-18,0.47776878367074
2025-09-19,0.487352393748175
2025-09-22,0.440035071476252
2025-09-23,-0.551735182873969
2025-09-24,-0.285067716529497
2025-09-25,-0.502164874252742
2025-09-26,0.588448913041439
2025-09-29,0.263207725991244
2025-09-30,0.408250361350859
2025-10-01,0.339415417122346
2025-10-02,0.061816362138245
2025-10-03,0.00655106568672181
2025-10-06,0.36399592827614
2025-10-07,-0.381868770685223
2025-10-08,0.581074849418783
2025-10-09,-0.275937398027892
2025-10-10,-2.74859754398999
2025-10-13,1.54782630369343
2025-10-14,-0.156555149694348
2025-10-15,0.401791850342903
2025-10-16,-0.631428027514325
2025-10-17,0.525687394452667
2025-10-20,1.06157241361444
2025-10-21,0.00326959164169693
2025-10-22,-0.535183477474277
2025-10-23,0.581047986201355
2025-10-24,0.787136197524418
2025-10-27,1.22151413273794
2025-10-28,0.228533050223056
2025-10-29,-0.00435792047337458
2025-10-30,-0.995419142453535
2025-10-31,0.26145009178844
2025-11-03,0.171923399691742
2025-11-04,-1.18062503923273
2025-11-05,0.364689767568827
2025-11-06,-1.1241134514723
2025-11-07,0.126104634749424
2025-11-10,1.52836267035017
2025-11-11,0.207319995239175
2025-11-12,0.0629319125945216
2025-11-13,-1.66954516309286
2025-11-14,-0.0501851471272019
2025-11-17,-0.9204497894304
2025-11-18,-0.82907098441698
2025-11-19,0.37468077372651
2025-11-20,-1.56897261163156
2025-11-21,0.977510304159246
2025-11-24,1.53488188990814
2025-11-25,0.902088600083317
2025-11-26,0.688296943615008
2025-11-28,0.534048734113668
2025-12-01,-0.533754874605563
2025-12-02,0.245422119593641
2025-12-03,0.297536052108605
2025-12-04,0.107973871197409
2025-12-05,0.193476888467892
2025-12-08,-0.348331533164803
2025-12-09,-0.0876743161013493
2025-12-10,0.672688065914073
2025-12-11,0.20771919837177
2025-12-12,-1.0720913458556
2025-12-15,-0.159783889183629
2025-12-16,-0.238676400844007
2025-12-17,-1.16598566113701
2025-12-18,0.790295152047804
2025-12-19,0.877940742183014
2025-12-22,0.641587057556059
2025-12-23,0.454006704678989
2025-12-24,0.321630434470066
2025-12-26,-0.030440987710989
2025-12-29,-0.349816292393612
2025-12-30,-0.137661425065438
2025-12-31,-0.738486743424893
2026-01-02,0.18929140261168
2026-01-05,0.633402451105169
2026-01-06,0.617759200389223
2026-01-07,-0.344585357100868
2026-01-08,0.00765453294224727
2026-01-09,0.645461113832013
2026-01-12,0.157639005918142
2026-01-13,-0.194100558820764
2026-01-14,-0.534763358413493
2026-01-15,0.257660392044379
2026-01-16,-0.0642508668450503
2026-01-20,-2.08424609532614
2026-01-21,1.15211176335599
2026-01-22,0.547250070790284
2026-01-23,0.0326816427481447
2026-01-26,0.499359426015999
2026-01-27,0.407358784044121
2026-01-28,-0.0081726391700343
2026-01-29,-0.129346744246206
2026-01-30,-0.431117941445791
